BLR,|AE|Kannada
IXE,|AE|Kannada
AAN,|AE|Malayali
AUH,|AE|Malayali
CCJ,|AE|Malayali
CNN,|AE|Malayali
COK,|AE|Malayali
DWC,|AE|Malayali
DXB,|AE|Malayali
FJR,|AE|Malayali
RKT,|AE|Malayali
SHJ,|AE|Malayali
TRV,|AE|Malayali
ABV,|AE|Nigerian
AUH,|AE|Nigerian
DXB,|AE|Nigerian
LOS,|AE|Nigerian
SHJ,|AE|Nigerian
AUH,|AE|Pakistani
DWC,|AE|Pakistani
DXB,|AE|Pakistani
KHI,|AE|Pakistani
LHE,|AE|Pakistani
TIF,|AE|Pakistani
AUH,|AE|Russian
DME,|AE|Russian
DWC,|AE|Russian
DXB,|AE|Russian
KZN,|AE|Russian
LED,|AE|Russian
MRV,|AE|Russian
OVB,|AE|Russian
SHJ,|AE|Russian
SVO,|AE|Russian
SVX,|AE|Russian
UFA,|AE|Russian
VKO,|AE|Russian
CJB,|AE|Tamil
IXM,|AE|Tamil
MAA,|AE|Tamil
TCR,|AE|Tamil
TRZ,|AE|Tamil
CBB,|AR|Bolivian
EZE,|AR|Bolivian
LPB,|AR|Bolivian
NRT,|AR|Nikkei
BNE,|AU|Chinese
CKG,|AU|Chinese
FOC,|AU|Chinese
HGH,|AU|Chinese
KMG,|AU|Chinese
MEL,|AU|Chinese
NKG,|AU|Chinese
PEK,|AU|Chinese
PER,|AU|Chinese
PKX,|AU|Chinese
PVG,|AU|Chinese
SHA,|AU|Chinese
SYD,|AU|Chinese
TAO,|AU|Chinese
TFU,|AU|Chinese
WUH,|AU|Chinese
XMN,|AU|Chinese
ATH,|AU|Greek
MEL,|AU|Greek
SYD,|AU|Greek
ADL,|AU|Indian
AVV,|AU|Indian
BNE,|AU|Indian
CNS,|AU|Indian
PER,|AU|Indian
SYD,|AU|Indian
AVV,|AU|Italian
CTA,|AU|Italian
FCO,|AU|Italian
MEL,|AU|Italian
MXP,|AU|Italian
PMO,|AU|Italian
PPG,|AU|Samoan
SYD,|AU|Samoan
BNE,|AU|Vietnamese
DAD,|AU|Vietnamese
HAN,|AU|Vietnamese
MEL,|AU|Vietnamese
SGN,|AU|Vietnamese
SYD,|AU|Vietnamese
BAH,|BA|Malayali
CCJ,|BA|Malayali
CNN,|BA|Malayali
COK,|BA|Malayali
FJR,|BA|Malayali
TRV,|BA|Malayali
CBB,|BR|Bolivian
GRU,|BR|Bolivian
LPB,|BR|Bolivian
VVI,|BR|Bolivian
CTA,|BR|Italian
FCO,|BR|Italian
GRU,|BR|Italian
MXP,|BR|Italian
NAP,|BR|Italian
PMO,|BR|Italian
BEL,|BR|Nikkei
CGR,|BR|Nikkei
CMG,|BR|Nikkei
CWB,|BR|Nikkei
GRU,|BR|Nikkei
HND,|BR|Nikkei
IGU,|BR|Nikkei
KIX,|BR|Nikkei
NGO,|BR|Nikkei
NRT,|BR|Nikkei
CWB,|BR|Polish
GRU,|BR|Polish
PET,|BR|Polish
POA,|BR|Polish
ALP,|BR|Syrian
DAM,|BR|Syrian
GRU,|BR|Syrian
ALG,|CA|Algerian x2
ORN,|CA|Algerian x2
YUL,|CA|Algerian x2
CCU,|CA|Bengali
YVR,|CA|Bengali
YYZ,|CA|Bengali
CGO,|CA|Chinese
CKG,|CA|Chinese
FOC,|CA|Chinese
HGH,|CA|Chinese
KMG,|CA|Chinese
NKG,|CA|Chinese
PEK,|CA|Chinese
PKX,|CA|Chinese
PVG,|CA|Chinese
SHA,|CA|Chinese
TAO,|CA|Chinese
TFU,|CA|Chinese
WUH,|CA|Chinese
XMN,|CA|Chinese
YHM,|CA|Chinese
YVR,|CA|Chinese
YYC,|CA|Chinese
YYZ,|CA|Chinese
CEB,|CA|Filipino
CRK,|CA|Filipino
DVO,|CA|Filipino
ILO,|CA|Filipino
MNL,|CA|Filipino
MPH,|CA|Filipino
YOW,|CA|Filipino
YVR,|CA|Filipino
YYC,|CA|Filipino
YYZ,|CA|Filipino
PAP,|CA|Haitian
YUL,|CA|Haitian
CMN,|CA|Moroccan
YUL,|CA|Moroccan
AIP,|CA|Punjabi
ATQ,|CA|Punjabi
IXC,|CA|Punjabi
YVR,|CA|Punjabi
YYC,|CA|Punjabi
YYZ,|CA|Punjabi
HYD,|CA|Telugu
TIR,|CA|Telugu
VGA,|CA|Telugu
VTZ,|CA|Telugu
YYZ,|CA|Telugu
BRU,|CD|Congolese
FBM,|CD|Congolese
FIH,|CD|Congolese
BAQ,|CL|Colombian
BOG,|CL|Colombian
CLO,|CL|Colombian
MDE,|CL|Colombian
SLC,|CL|Colombian
PAP,|CL|Haitian
SCL,|CL|Haitian
SLC,|CL|Samoan
ANF,|CL|Venezuelan
CCP,|CL|Venezuelan
SLC,|CL|Venezuelan
FLL,|CU|Cuban x2
MCO,|CU|Cuban x2
MIA,|CU|Cuban x2
PBI,|CU|Cuban x2
HAM,|DE|Afghan
KBL,|DE|Afghan
MZR,|DE|Afghan
BER,|DE|Iranian
HAM,|DE|Iranian
IFN,|DE|Iranian
IKA,|DE|Iranian
TBZ,|DE|Iranian
THR,|DE|Iranian
BRE,|DE|Polish
CGN,|DE|Polish
HHN,|DE|Polish
LBC,|DE|Polish
MHG,|DE|Polish
RLG,|DE|Polish
BEG,|DE|Serbian
BER,|DE|Serbian
DTM,|DE|Serbian
DUS,|DE|Serbian
FRA,|DE|Serbian
MUC,|DE|Serbian
STR,|DE|Serbian
BER,|DE|Turkish
CGN,|DE|Turkish
DUS,|DE|Turkish
FRA,|DE|Turkish
HAM,|DE|Turkish
MUC,|DE|Turkish
ADB,|DK|Turkish
AYT,|DK|Turkish
COV,|DK|Turkish
CPH,|DK|Turkish
ESB,|DK|Turkish
IST,|DK|Turkish
SAW,|DK|Turkish
AGP,|ES|Ecuadorian
BCN,|ES|Ecuadorian
GYE,|ES|Ecuadorian
MAD,|ES|Ecuadorian
UIO,|ES|Ecuadorian
MAD,|ES|Peruvian
MEX,|ES|Peruvian
BBU,|ES|Romanian
BCN,|ES|Romanian
CDT,|ES|Romanian
CLJ,|ES|Romanian
GRO,|ES|Romanian
IAS,|ES|Romanian
ILD,|ES|Romanian
MAD,|ES|Romanian
OTP,|ES|Romanian
REU,|ES|Romanian
SBZ,|ES|Romanian
SCV,|ES|Romanian
TSR,|ES|Romanian
VLC,|ES|Romanian
ZAZ,|ES|Romanian
AAE,|FR|Algerian x2
ALG,|FR|Algerian x2
BJA,|FR|Algerian x2
BLJ,|FR|Algerian x2
BOD,|FR|Algerian x2
BVA,|FR|Algerian x2
CDG,|FR|Algerian x2
CZL,|FR|Algerian x2
GJL,|FR|Algerian x2
GNB,|FR|Algerian x2
LYS,|FR|Algerian x2
MPL,|FR|Algerian x2
MRS,|FR|Algerian x2
NCE,|FR|Algerian x2
ORN,|FR|Algerian x2
ORY,|FR|Algerian x2
TLN,|FR|Algerian x2
TLS,|FR|Algerian x2
EVN,|FR|Armenian
LYS,|FR|Armenian
ORY,|FR|Armenian
CDG,|FR|Jewish
TLV,|FR|Jewish
BVA,|FR|Moroccan
CDG,|FR|Moroccan
CMN,|FR|Moroccan
FEZ,|FR|Moroccan
GNB,|FR|Moroccan
LYS,|FR|Moroccan
MPL,|FR|Moroccan
MRS,|FR|Moroccan
NCE,|FR|Moroccan
ORY,|FR|Moroccan
RAK,|FR|Moroccan
RBA,|FR|Moroccan
TLS,|FR|Moroccan
BVA,|FR|Polish
CDG,|FR|Polish
LIL,|FR|Polish
ORY,|FR|Polish
SXB,|FR|Polish
BEG,|FR|Serbian
BVA,|FR|Serbian
GNB,|FR|Serbian
LYS,|FR|Serbian
NCE,|FR|Serbian
ORY,|FR|Serbian
SXB,|FR|Serbian
BVA,|FR|Tunisian x2
LYS,|FR|Tunisian x2
MRS,|FR|Tunisian x2
NBE,|FR|Tunisian x2
ORY,|FR|Tunisian x2
TUN,|FR|Tunisian x2
BHX,|GB|Indian
LBA,|GB|Indian
LGW,|GB|Indian
LHR,|GB|Indian
LPL,|GB|Indian
LTN,|GB|Indian
MAN,|GB|Indian
STN,|GB|Indian
DVO,|GU|Filipino
GUM,|GU|Filipino
MNL,|GU|Filipino
CGK,|ID|Chinese
CKG,|ID|Chinese
DPS,|ID|Chinese
FOC,|ID|Chinese
HGH,|ID|Chinese
KMG,|ID|Chinese
NKG,|ID|Chinese
PEK,|ID|Chinese
PKX,|ID|Chinese
PNK,|ID|Chinese
PVG,|ID|Chinese
SHA,|ID|Chinese
SRG,|ID|Chinese
SUB,|ID|Chinese
TAO,|ID|Chinese
TFU,|ID|Chinese
UPG,|ID|Chinese
WUH,|ID|Chinese
XMN,|ID|Chinese
CGK,|ID|Tamil
CJB,|ID|Tamil
DPS,|ID|Tamil
IXM,|ID|Tamil
MAA,|ID|Tamil
SUB,|ID|Tamil
TCR,|ID|Tamil
TRZ,|ID|Tamil
ADD,|IE|Ethiopian
TLV,|IE|Ethiopian
CEB,|IE|Filipino
CRK,|IE|Filipino
DVO,|IE|Filipino
ILO,|IE|Filipino
MNL,|IE|Filipino
MPH,|IE|Filipino
TLV,|IE|Filipino
DUB,|IE|Polish
GDN,|IE|Polish
KRK,|IE|Polish
WAW,|IE|Polish
TLV,|IL|Russian
CEB,|IT|Filipino
CRK,|IT|Filipino
DVO,|IT|Filipino
FCO,|IT|Filipino
ILO,|IT|Filipino
MNL,|IT|Filipino
MPH,|IT|Filipino
MXP,|IT|Filipino
BBU,|IT|Romanian
BGY,|IT|Romanian
CIA,|IT|Romanian
CLJ,|IT|Romanian
IAS,|IT|Romanian
LIN,|IT|Romanian
OTP,|IT|Romanian
PSA,|IT|Romanian
SBZ,|IT|Romanian
SCV,|IT|Romanian
TRN,|IT|Romanian
TSF,|IT|Romanian
TSR,|IT|Romanian
FUK,|JP|Korean
GMP,|JP|Korean
HND,|JP|Korean
ICN,|JP|Korean
ITM,|JP|Korean
KIX,|JP|Korean
NRT,|JP|Korean
PUS,|JP|Korean
DAD,|JP|Vietnamese
FUK,|JP|Vietnamese
HAN,|JP|Vietnamese
HND,|JP|Vietnamese
HPH,|JP|Vietnamese
ITM,|JP|Vietnamese
KIX,|JP|Vietnamese
NRT,|JP|Vietnamese
SGN,|JP|Vietnamese
AMD,|KE|Gujarati
BHJ,|KE|Gujarati
NBO,|KE|Gujarati
STV,|KE|Gujarati
CGK,|KH|Indonesian
DPS,|KH|Indonesian
KOS,|KH|Indonesian
KTI,|KH|Indonesian
SUB,|KH|Indonesian
CCJ,|KW|Malayali
CNN,|KW|Malayali
COK,|KW|Malayali
GIZ,|KW|Malayali
KWI,|KW|Malayali
TRV,|KW|Malayali
HND,|MP|Nikkei
KIX,|MP|Nikkei
NGO,|MP|Nikkei
NRT,|MP|Nikkei
CUN,|MX|Bolivian
MEX,|MX|Bolivian
MTY,|MX|Bolivian
VVI,|MX|Bolivian
BAQ,|MX|Colombian
BOG,|MX|Colombian
CLO,|MX|Colombian
MDE,|MX|Colombian
MEX,|MX|Colombian
CCJ,|MY|Malayali
CNN,|MY|Malayali
COK,|MY|Malayali
JHB,|MY|Malayali
KUL,|MY|Malayali
PEN,|MY|Malayali
SZB,|MY|Malayali
TRV,|MY|Malayali
KUL,|MY|Nepalese
PEN,|MY|Nepalese
SZB,|MY|Nepalese
CJB,|MY|Tamil
IXM,|MY|Tamil
KUL,|MY|Tamil
LGK,|MY|Tamil
MAA,|MY|Tamil
PEN,|MY|Tamil
TCR,|MY|Tamil
TRZ,|MY|Tamil
ACC,|NL|Ghanaian
AMS,|NL|Ghanaian
AMS,|NL|Indonesian
CGK,|NL|Indonesian
DPS,|NL|Indonesian
RTM,|NL|Indonesian
SUB,|NL|Indonesian
AMS,|NL|Moroccan
CMN,|NL|Moroccan
FEZ,|NL|Moroccan
RAK,|NL|Moroccan
RBA,|NL|Moroccan
AMS,|NL|Surinamese
PBM,|NL|Surinamese
ALP,|NL|Syrian
ARN,|NL|Syrian
DAM,|NL|Syrian
ADB,|NL|Turkish
AMS,|NL|Turkish
AYT,|NL|Turkish
COV,|NL|Turkish
ESB,|NL|Turkish
IST,|NL|Turkish
SAW,|NL|Turkish
OSL,|NO|Somali
AKL,|NZ|Indian
CHC,|NZ|Indian
AKL,|NZ|Samoan
CHC,|NZ|Samoan
PPG,|NZ|Samoan
WLG,|NZ|Samoan
GWD,|OM|Baloch
KHS,|OM|Baloch
MCT,|OM|Baloch
OHS,|OM|Baloch
ZBR,|OM|Baloch
BLR,|OM|Kannada
IXE,|OM|Kannada
CCJ,|OM|Malayali
CNN,|OM|Malayali
COK,|OM|Malayali
MCT,|OM|Malayali
SLL,|OM|Malayali
TRV,|OM|Malayali
HND,|PE|Nikkei
KIX,|PE|Nikkei
LIM,|PE|Nikkei
NGO,|PE|Nikkei
NRT,|PE|Nikkei
CCS,|PE|Venezuelan
LIM,|PE|Venezuelan
MAR,|PE|Venezuelan
KBL,|PK|Afghan
KHI,|PK|Afghan
MZR,|PK|Afghan
PEW,|PK|Afghan
DME,|RU|Armenian
EVN,|RU|Armenian
KRR,|RU|Armenian
LED,|RU|Armenian
SIP,|RU|Armenian
SVO,|RU|Armenian
DMM,|SA|Bangladeshi
GIZ,|SA|Bangladeshi
JED,|SA|Bangladeshi
MED,|SA|Bangladeshi
RUH,|SA|Bangladeshi
AHB,|SA|Egyptian
DMM,|SA|Egyptian
GIZ,|SA|Egyptian
JED,|SA|Egyptian
MED,|SA|Egyptian
RUH,|SA|Egyptian
CEB,|SA|Filipino
CRK,|SA|Filipino
DMM,|SA|Filipino
DVO,|SA|Filipino
ILO,|SA|Filipino
JED,|SA|Filipino
MED,|SA|Filipino
MNL,|SA|Filipino
MPH,|SA|Filipino
RUH,|SA|Filipino
DMM,|SA|Indonesian
JED,|SA|Indonesian
MED,|SA|Indonesian
RUH,|SA|Indonesian
CCJ,|SA|Malayali
CNN,|SA|Malayali
COK,|SA|Malayali
DMM,|SA|Malayali
GIZ,|SA|Malayali
JED,|SA|Malayali
MED,|SA|Malayali
RUH,|SA|Malayali
TRV,|SA|Malayali
AHB,|SA|Pakistani
DMM,|SA|Pakistani
GIZ,|SA|Pakistani
JED,|SA|Pakistani
KHI,|SA|Pakistani
LHE,|SA|Pakistani
MED,|SA|Pakistani
RUH,|SA|Pakistani
TIF,|SA|Pakistani
ARN,|SE|Iraqi
BGW,|SE|Iraqi
BSR,|SE|Iraqi
EBL,|SE|Iraqi
ISU,|SE|Iraqi
ORB,|SE|Iraqi
ARN,|SE|Somali
MMX,|SE|Somali
BOM,|SG|Marathi
IXU,|SG|Marathi
NAG,|SG|Marathi
NMI,|SG|Marathi
PNQ,|SG|Marathi
SIN,|SG|Marathi
CGK,|SR|Indonesian
DPS,|SR|Indonesian
SUB,|SR|Indonesian
BKK,|TH|Chinese
CKG,|TH|Chinese
DMK,|TH|Chinese
FOC,|TH|Chinese
HGH,|TH|Chinese
KMG,|TH|Chinese
NKG,|TH|Chinese
PEK,|TH|Chinese
PKX,|TH|Chinese
PVG,|TH|Chinese
SHA,|TH|Chinese
TAO,|TH|Chinese
TFU,|TH|Chinese
UTP,|TH|Chinese
WUH,|TH|Chinese
XMN,|TH|Chinese
AYT,|TR|Afghan
ESB,|TR|Afghan
IST,|TR|Afghan
KBL,|TR|Afghan
MZR,|TR|Afghan
SAW,|TR|Afghan
ESB,|TR|Iranian
IFN,|TR|Iranian
IKA,|TR|Iranian
IST,|TR|Iranian
SAW,|TR|Iranian
TBZ,|TR|Iranian
THR,|TR|Iranian
BGW,|TR|Iraqi
BSR,|TR|Iraqi
ESB,|TR|Iraqi
IST,|TR|Iraqi
ISU,|TR|Iraqi
SAW,|TR|Iraqi
KHH,|TW|Indonesian
RMQ,|TW|Indonesian
TPE,|TW|Indonesian
UPG,|TW|Indonesian
LCY,|UK|Jewish
LTN,|UK|Jewish
TLV,|UK|Jewish
ABJ,|UK|Nigerian
LGW,|UK|Nigerian
LHR,|UK|Nigerian
LOS,|UK|Nigerian
LPL,|UK|Nigerian
LTN,|UK|Nigerian
MAN,|UK|Nigerian
STN,|UK|Nigerian
KHI,|UK|Pakistani
LBA,|UK|Pakistani
LHE,|UK|Pakistani
LHR,|UK|Pakistani
LTN,|UK|Pakistani
MAN,|UK|Pakistani
STN,|UK|Pakistani
TIF,|UK|Pakistani
EDI,|UK|Polish
LGW,|UK|Polish
MAN,|UK|Polish
CCU,|US|Bengali
SFO,|US|Bengali
SJC,|US|Bengali
BOS,|US|Brazilian
CGH,|US|Brazilian
EWR,|US|Brazilian
GIG,|US|Brazilian
GRU,|US|Brazilian
MCO,|US|Brazilian
PBI,|US|Brazilian
PVD,|US|Brazilian
VCP,|US|Brazilian
CKG,|US|Chinese
DFW,|US|Chinese
EWR,|US|Chinese
FOC,|US|Chinese
HGH,|US|Chinese
IAH,|US|Chinese
KMG,|US|Chinese
LAX,|US|Chinese
NKG,|US|Chinese
ORD,|US|Chinese
PEK,|US|Chinese
PKX,|US|Chinese
PVG,|US|Chinese
SEA,|US|Chinese
SFO,|US|Chinese
SHA,|US|Chinese
SJC,|US|Chinese
TAO,|US|Chinese
TFU,|US|Chinese
WUH,|US|Chinese
XMN,|US|Chinese
ATL,|US|Colombian
BAQ,|US|Colombian
BOG,|US|Colombian
CLO,|US|Colombian
FLL,|US|Colombian
MDE,|US|Colombian
PBI,|US|Colombian
AGU,|US|Durango & Zacatecas
AUS,|US|Durango & Zacatecas
DFW,|US|Durango & Zacatecas
DGO,|US|Durango & Zacatecas
HOU,|US|Durango & Zacatecas
MAF,|US|Durango & Zacatecas
OKC,|US|Durango & Zacatecas
ZCL,|US|Durango & Zacatecas
GYE,|US|Ecuadorian
HPN,|US|Ecuadorian
UIO,|US|Ecuadorian
ADD,|US|Ethiopian
AMH,|US|Ethiopian
DEN,|US|Ethiopian
IAD,|US|Ethiopian
CEB,|US|Filipino
CRK,|US|Filipino
DVO,|US|Filipino
HNL,|US|Filipino
ILO,|US|Filipino
JAX,|US|Filipino
LAX,|US|Filipino
MNL,|US|Filipino
MPH,|US|Filipino
OAK,|US|Filipino
ONT,|US|Filipino
ORF,|US|Filipino
SAN,|US|Filipino
SCK,|US|Filipino
BWI,|US|Guatemalan
GUA,|US|Guatemalan
HPN,|US|Guatemalan
IAD,|US|Guatemalan
ACA,|US|Guerrero & Oaxaca
ACV,|US|Guerrero & Oaxaca
FAT,|US|Guerrero & Oaxaca
OAX,|US|Guerrero & Oaxaca
PHX,|US|Guerrero & Oaxaca
SAN,|US|Guerrero & Oaxaca
SBD,|US|Guerrero & Oaxaca
SMF,|US|Guerrero & Oaxaca
STS,|US|Guerrero & Oaxaca
ZIH,|US|Guerrero & Oaxaca
HAN,|US|Hmong
MSP,|US|Hmong
DFW,|US|Indian
EWR,|US|Indian
IAD,|US|Indian
IAH,|US|Indian
LGA,|US|Indian
ORD,|US|Indian
SEA,|US|Indian
SFO,|US|Indian
SJC,|US|Indian
SAN,|US|Iranian
TBZ,|US|Iranian
IFN,|US|Iranian x2
IKA,|US|Iranian x2
LAX,|US|Iranian x2
SNA,|US|Iranian x2
THR,|US|Iranian x2
BDL,|US|Irish American
BOS,|US|Irish American
DUB,|US|Irish American
HPN,|US|Irish American
MHT,|US|Irish American
MKE,|US|Irish American
NNR,|US|Irish American
NOC,|US|Irish American
ORH,|US|Irish American
ORK,|US|Irish American
PHL,|US|Irish American
PVD,|US|Irish American
SNN,|US|Irish American
CTA,|US|Italian
FCO,|US|Italian
MDW,|US|Italian
MXP,|US|Italian
NAP,|US|Italian
PHL,|US|Italian
PMO,|US|Italian
CLQ,|US|Jalisco & Michoacán
CMH,|US|Jalisco & Michoacán
DFW,|US|Jalisco & Michoacán
DSM,|US|Jalisco & Michoacán
GDL,|US|Jalisco & Michoacán
ICT,|US|Jalisco & Michoacán
IND,|US|Jalisco & Michoacán
MCI,|US|Jalisco & Michoacán
MFR,|US|Jalisco & Michoacán
MLM,|US|Jalisco & Michoacán
ORD,|US|Jalisco & Michoacán
PHX,|US|Jalisco & Michoacán
UPN,|US|Jalisco & Michoacán
YKM,|US|Jalisco & Michoacán
ZLO,|US|Jalisco & Michoacán
AEP,|US|Jewish
EWR,|US|Jewish
EZE,|US|Jewish
FLL,|US|Jewish
IAD,|US|Jewish
JFK,|US|Jewish
LGA,|US|Jewish
MIA,|US|Jewish
ORD,|US|Jewish
PBI,|US|Jewish
PHL,|US|Jewish
SFO,|US|Jewish
SNA,|US|Jewish
TLV,|US|Jewish
ATL,|US|Korean
GMP,|US|Korean
IAD,|US|Korean
ICN,|US|Korean
LAX,|US|Korean
LGA,|US|Korean
PHL,|US|Korean
PUS,|US|Korean
ABV,|US|Nigerian
ATL,|US|Nigerian
BWI,|US|Nigerian
EWR,|US|Nigerian
GMO,|US|Nigerian
IAH,|US|Nigerian
ILR,|US|Nigerian
LOS,|US|Nigerian
HND,|US|Nikkei
HNL,|US|Nikkei
KIX,|US|Nikkei
LGB,|US|Nikkei
NGO,|US|Nikkei
NRT,|US|Nikkei
AUS,|US|Pakistani
EWR,|US|Pakistani
IAH,|US|Pakistani
ISB,|US|Pakistani
KHI,|US|Pakistani
LHE,|US|Pakistani
TIF,|US|Pakistani
BDL,|US|Polish
GDN,|US|Polish
KRK,|US|Polish
LGA,|US|Polish
MDW,|US|Polish
ORD,|US|Polish
WAW,|US|Polish
DME,|US|Russian
JFK,|US|Russian
KZN,|US|Russian
LED,|US|Russian
MRV,|US|Russian
OVB,|US|Russian
SJC,|US|Russian
SVO,|US|Russian
SVX,|US|Russian
UFA,|US|Russian
VKO,|US|Russian
BWI,|US|Salvadoran
ISP,|US|Salvadoran
LGB,|US|Salvadoran
SAL,|US|Salvadoran
ANC,|US|Samoan
HNL,|US|Samoan
LGB,|US|Samoan
PPG,|US|Samoan
SAN,|US|Samoan
SEA,|US|Samoan
SNA,|US|Samoan
CMH,|US|Somali
EAU,|US|Somali
LCK,|US|Somali
MSP,|US|Somali
ROC,|US|Somali
SEA,|US|Somali
BDL,|US|Stateside Puerto Ricans
CLE,|US|Stateside Puerto Ricans
HVN,|US|Stateside Puerto Ricans
LGA,|US|Stateside Puerto Ricans
MCO,|US|Stateside Puerto Ricans
MDW,|US|Stateside Puerto Ricans
PHL,|US|Stateside Puerto Ricans
JFK,|US|Ukrainian
CCS,|US|Venezuelan
FLL,|US|Venezuelan
MAR,|US|Venezuelan
MIA,|US|Venezuelan
DAD,|US|Vietnamese
HAN,|US|Vietnamese
IAH,|US|Vietnamese
LAX,|US|Vietnamese
OAK,|US|Vietnamese
SEA,|US|Vietnamese
SGN,|US|Vietnamese
SNA,|US|Vietnamese
ADD,|ZA|Ethiopian
AMH,|ZA|Ethiopian
BJR,|ZA|Ethiopian
DUR,|ZA|Ethiopian
JNB,|ZA|Ethiopian
CJB,|ZA|Tamil
DUR,|ZA|Tamil
IXM,|ZA|Tamil
JNB,|ZA|Tamil
MAA,|ZA|Tamil
TCR,|ZA|Tamil
TRZ,|ZA|Tamil
ABQ,Academia
AUS,Academia
AVL,Academia
BDL,Academia
BFI,Academia
BHM,Academia
BMI,Academia
BOS,Academia
BTR,Academia
BTV,Academia
CAE,Academia
CHO,Academia
CMH,Academia
CMI,Academia
DUD,Academia
EDI,Academia
EUG,Academia
FWA,Academia
GNV,Academia
HGH,Academia
HSV,Academia
HVN,Academia
IND,Academia
ITH,Academia
LAF,Academia
LAN,Academia
LCY,Academia
LEX,Academia
LGA,Academia
LNK,Academia
MB1,Academia
MDW,Academia
MSN,Academia
MSP,Academia
NKG,Academia
OAK,Academia
OKC,Academia
ORY,Academia
PAE,Academia
PEK,Academia
PHL,Academia
PIT,Academia
PUW,Academia
PVD,Academia
QAB,Academia
RDU,Academia
SBA,Academia
SBN,Academia
SCE,Academia
SDF,Academia
SJC,Academia
SNA,Academia
STN,Academia
TLH,Academia
TTN,Academia
TYS,Academia
UME,Academia
BER,Advertising & media
CDG,Advertising & media
CGN,Advertising & media
EZE,Advertising & media
GIG,Advertising & media
HKG,Advertising & media
HND,Advertising & media
JFK,Advertising & media
LAX,Advertising & media
LHR,Advertising & media
LIN,Advertising & media
MIA,Advertising & media
MUC,Advertising & media
ORD,Advertising & media
SYD,Advertising & media
VCE,Advertising & media
YYZ,Advertising & media
BFI,Aerospace
BRO,Aerospace
BRS,Aerospace
BUR,Aerospace
BVA,Aerospace
CGN,Aerospace
CHS,Aerospace
DAL,Aerospace
DEN,Aerospace
EMA,Aerospace
GPT,Aerospace
GRU,Aerospace
HAM,Aerospace
ICT,Aerospace
KHN,Aerospace
KJA,Aerospace
KUF,Aerospace
MUC,Aerospace
NGO,Aerospace
ORY,Aerospace
PEK,Aerospace
PHF,Aerospace
PHX,Aerospace
QRO,Aerospace
SEA,Aerospace
SHA,Aerospace
SHE,Aerospace
TFU,Aerospace
TLS,Aerospace
TRN,Aerospace
TUL,Aerospace
YUL,Aerospace
AEP,Agribusiness
BEL,Agribusiness
BRE,Agribusiness
BSB,Agribusiness
BUF,Agribusiness
CGH,Agribusiness
CGO,Agribusiness
CGR,Agribusiness
CHC,Agribusiness
CLO,Agribusiness
CNF,Agribusiness
CSX,Agribusiness
CTU,Agribusiness
DSM,Agribusiness
DUR,Agribusiness
HLZ,Agribusiness
HRB,Agribusiness
KMI,Agribusiness
MCI,Agribusiness
MEM,Agribusiness
MSP,Agribusiness
NAP,Agribusiness
OMA,Agribusiness
ORD,Agribusiness
OTP,Agribusiness
RES,Agribusiness
SLZ,Agribusiness
TFU,Agribusiness
TUC,Agribusiness
VRN,Agribusiness
YWG,Agribusiness
ACC,Agriculture
APL,Agriculture
BCD,Agriculture
BOJ,Agriculture
BSZ,Agriculture
CKY,Agriculture
DIY,Agriculture
DSS,Agriculture
FAT,Agriculture
GAU,Agriculture
GBB,Agriculture
GNY,Agriculture
HBX,Agriculture
IDR,Agriculture
IZO,Agriculture
JAI,Agriculture
JNB,Agriculture
JUZ,Agriculture
LBD,Agriculture
LLW,Agriculture
LUN,Agriculture
LYI,Agriculture
SKZ,Agriculture
TNR,Agriculture
VXC,Agriculture
WEF,Agriculture
YIN,Agriculture
YNZ,Agriculture
ANC,Alaska Milk Run
JNU,Alaska Milk Run
KTN,Alaska Milk Run
PSG,Alaska Milk Run
SEA,Alaska Milk Run
SIT,Alaska Milk Run
YAK,Alaska Milk Run
SKP,Albanian|
ABA,Aluminum
AUH,Aluminum
BAH,Aluminum
BAV,Aluminum
BND,Aluminum
DWC,Aluminum
HVG,Aluminum
JRG,Aluminum
JZH,Aluminum
KEF,Aluminum
KJA,Aluminum
KRR,Aluminum
KRS,Aluminum
KZN,Aluminum
LHW,Aluminum
MBJ,Aluminum
MJY,Aluminum
MPM,Aluminum
NNG,Aluminum
OSL,Aluminum
PAB,Aluminum
PUS,Aluminum
PWQ,Aluminum
REN,Aluminum
SJW,Aluminum
SLZ,Aluminum
WNH,Aluminum
WNZ,Aluminum
WXN,Aluminum
YBC,Aluminum
YBG,Aluminum
YNT,Aluminum
YQB,Aluminum
YXT,Aluminum
YZV,Aluminum
BEL,Amazonia
IQT,Amazonia
MAO,Amazonia
MCP,Amazonia
MNX,Amazonia
PCL,Amazonia
PEM,Amazonia
PVH,Amazonia
STM,Amazonia
TBT,Amazonia
TFF,Amazonia
TMT,Amazonia
TPP,Amazonia
TUR,Amazonia
ADB,Anglophone|
ARN,Anglophone|
AYT,Anglophone|
BJL,Anglophone|
BJV,Anglophone|
BMA,Anglophone|
BOJ,Anglophone|
CFU,Anglophone|
CHQ,Anglophone|
CTG,Anglophone|
CUK,Anglophone|
CUN,Anglophone|
CZM,Anglophone|
DLM,Anglophone|
EGA,Anglophone|
EGR,Anglophone|
GOH,Anglophone|
GOI,Anglophone|
GOT,Anglophone|
HEL,Anglophone|
HER,Anglophone|
JMK,Anglophone|
JTR,Anglophone|
KGS,Anglophone|
LAP,Anglophone|
LIR,Anglophone|
LUN,Anglophone|
MMX,Anglophone|
NZF,Anglophone|
POM,Anglophone|
POP,Anglophone|
PUJ,Anglophone|
PVR,Anglophone|
RHO,Anglophone|
RTB,Anglophone|
RVN,Anglophone|
SCR,Anglophone|
SID,Anglophone|
SJD,Anglophone|
SPC,Anglophone|
SPR,Anglophone|
SSH,Anglophone|
SXM,Anglophone|
YAQ,Anglophone|
ZTH,Anglophone|
ADD,Apparel
ADF,Apparel
BCN,Apparel
BJX,Apparel
CAN,Apparel
CGP,Apparel
CMB,Apparel
CMN,Apparel
DAC,Apparel
EWR,Apparel
FCO,Apparel
FOR,Apparel
GDL,Apparel
GUA,Apparel
HAN,Apparel
JOG,Apparel
KTI,Apparel
LHE,Apparel
MGA,Apparel
MRU,Apparel
MXP,Apparel
ORY,Apparel
RGN,Apparel
SAL,Apparel
SAW,Apparel
SGN,Apparel
SOF,Apparel
TNG,Apparel
UTH,Apparel
CEB,Appliances
CLE,Appliances
CUU,Appliances
CWB,Appliances
DAD,Appliances
DMK,Appliances
FSZ,Appliances
FUO,Appliances
GMP,Appliances
GSP,Appliances
HFE,Appliances
HYN,Appliances
KUL,Appliances
LCJ,Appliances
MAO,Appliances
MNL,Appliances
MSQ,Appliances
PDV,Appliances
QRO,Appliances
SDF,Appliances
SDJ,Appliances
SUJ,Appliances
SZX,Appliances
TAO,Appliances
UTP,Appliances
XNA,Appliances
YEI,Appliances
ZNZ,Arabic|
ADK,Arctic fishing
ADQ,Arctic fishing
AKN,Arctic fishing
ANC,Arctic fishing
ARH,Arctic fishing
BOO,Arctic fishing
CTS,Arctic fishing
DUT,Arctic fishing
FAE,Arctic fishing
GOH,Arctic fishing
HOM,Arctic fishing
JAV,Arctic fishing
JNU,Arctic fishing
KTN,Arctic fishing
MSJ,Arctic fishing
SEA,Arctic fishing
SIT,Arctic fishing
SNP,Arctic fishing
VDS,Arctic fishing
VVO,Arctic fishing
YVR,Arctic fishing
ANC,Arctic oil
BET,Arctic oil
BRW,Arctic oil
DAL,Arctic oil
DLG,Arctic oil
FAI,Arctic oil
SCC,Arctic oil
YQR,Arctic oil
YXE,Arctic oil
YXJ,Arctic oil
YYE,Arctic oil
YYT,Arctic oil
AUH,Asset management
BOS,Asset management
CPH,Asset management
DCA,Asset management
DEN,Asset management
DUB,Asset management
DXB,Asset management
EDI,Asset management
GRU,Asset management
GVA,Asset management
HEL,Asset management
JFK,Asset management
KIX,Asset management
LHR,Asset management
LUX,Asset management
MEL,Asset management
ORD,Asset management
PEK,Asset management
PHL,Asset management
SIN,Asset management
SYD,Asset management
YTZ,Asset management
ABZ,Atlantic Fishing
ACE,Atlantic Fishing
AES,Atlantic Fishing
BIO,Atlantic Fishing
FAO,Atlantic Fishing
FSP,Atlantic Fishing
HYA,Atlantic Fishing
IFJ,Atlantic Fishing
KEF,Atlantic Fishing
LPA,Atlantic Fishing
LRT,Atlantic Fishing
LSI,Atlantic Fishing
MDQ,Atlantic Fishing
NKC,Atlantic fishing
NQY,Atlantic Fishing
PDL,Atlantic Fishing
PVD,Atlantic Fishing
PWM,Atlantic Fishing
RKD,Atlantic Fishing
TOS,Atlantic Fishing
TRD,Atlantic Fishing
VGO,Atlantic Fishing
YHZ,Atlantic Fishing
YYG,Atlantic Fishing
YYT,Atlantic Fishing
CBR,Aussie Outliers
CCK,Aussie Outliers
LDH,Aussie Outliers
NLK,Aussie Outliers
PER,Aussie Outliers
SYD,Aussie Outliers
SYD,Aussie Outliers
XCH,Aussie Outliers
AMD,Auto parts
BNA,Auto parts
CAN,Auto parts
CGN,Auto parts
DTW,Auto parts
ELS,Auto parts
FNT,Auto parts
FUO,Auto parts
GMP,Auto parts
HIJ,Auto parts
HSR,Auto parts
IGS,Auto parts
KUF,Auto parts
LEJ,Auto parts
LGW,Auto parts
LJU,Auto parts
MAA,Auto parts
NCL,Auto parts
NUE,Auto parts
PLZ,Auto parts
PRG,Auto parts
SAW,Auto parts
SHE,Auto parts
SLP,Auto parts
TIJ,Auto parts
TNA,Auto parts
TRN,Auto parts
TSN,Auto parts
TUN,Auto parts
USN,Auto parts
UTP,Auto parts
VIE,Auto parts
XFN,Auto parts
YEI,Auto parts
YNZ,Auto parts
YQG,Auto parts
YTY,Auto parts
YXU,Auto parts
AGU,Autos
BTS,Autos
BUD,Autos
CAN,Autos
CDG,Autos
CGK,Autos
CGQ,Autos
CHG,Autos
CKG,Autos
CNF,Autos
COR,Autos
CTU,Autos
CUU,Autos
CZX,Autos
DMK,Autos
DTW,Autos
GOT,Autos
GSP,Autos
HAJ,Autos
HFE,Autos
HMO,Autos
HND,Autos
ICN,Autos
IKA,Autos
JOI,Autos
KTW,Autos
LZH,Autos
MTY,Autos
MUC,Autos
NGB,Autos
NGO,Autos
PBC,Autos
PNQ,Autos
SLW,Autos
STR,Autos
SZX,Autos
ULV,Autos
WUH,Autos
ATL,Back office
BBI,Back office
BLR,Back office
BOG,Back office
BUD,Back office
CEB,Back office
CLJ,Back office
COK,Back office
CPT,Back office
CRK,Back office
HYD,Back office
IAS,Back office
KHI,Back office
KRK,Back office
LHE,Back office
MAN,Back office
MRU,Back office
NBO,Back office
PEN,Back office
PHX,Back office
PNQ,Back office
POZ,Back office
PRG,Back office
SJO,Back office
SLC,Back office
SOF,Back office
STN,Back office
SUB,Back office
TPA,Back office
TRZ,Back office
BPX,Baijiu
LFQ,Baijiu
LZO,Baijiu
TYN,Baijiu
WMT,Baijiu
YBP,Baijiu
ZYI,Baijiu
CKG,Bauxite
CKY,Bauxite
CNF,Bauxite
GOV,Bauxite
GTE,Bauxite
KMG,Bauxite
KUA,Bauxite
KWE,Bauxite
NNG,Bauxite
PBM,Bauxite
PBM,Bauxite
PER,Bauxite
RAO,Bauxite
TNA,Bauxite
WEI,Bauxite
WNH,Bauxite
XIY,Bauxite
AMS,Beer
AVL,Beer
BRU,Beer
CPH,Beer
CTS,Beer
DUB,Beer
GRU,Beer
MKE,Beer
MUC,Beer
NLU,Beer
PRG,Beer
ROC,Beer
STL,Beer
TAO,Beer
ADD,Belt & Road|
ALA,Belt & Road|
BKK,Belt & Road|
CAN,Belt & Road|
DOH,Belt & Road|
DXB,Belt & Road|
GWD,Belt & Road|
ISB,Belt & Road|
JIB,Belt & Road|
KHI,Belt & Road|
LHE,Belt & Road|
LOS,Belt & Road|
MBA,Belt & Road|
MDL,Belt & Road|
NBO,Belt & Road|
NLA,Belt & Road|
NQZ,Belt & Road|
PEK,Belt & Road|
PKX,Belt & Road|
PVG,Belt & Road|
SHA,Belt & Road|
SZX,Belt & Road|
TFU,Belt & Road|
TSN,Belt & Road|
URC,Belt & Road|
VTE,Belt & Road|
CCU,Bengali|
LHR,Bengali|
MAN,Bengali|
BIL,Big Sky
BIS,Big Sky
BZN,Big Sky
CYS,Big Sky
GDV,Big Sky
GGW,Big Sky
HLN,Big Sky
HVR,Big Sky
OLF,Big Sky
RAP,Big Sky
SDY,Big Sky
WYS,Big Sky
XWA,Big Sky
BOM,Bollywood 2 Bureaucracy x2
DEL,Bollywood 2 Bureaucracy x2
NMI,Bollywood 2 Bureaucracy x2
ALF,Boreal
FAI,Boreal
LLA,Boreal
OUL,Boreal
TKU,Boreal
UME,Boreal
VAA,Boreal
VST,Boreal
YBC,Boreal
YHU,Boreal
YPY,Boreal
YXC,Boreal
YXS,Boreal
YYB,Boreal
YYE,Boreal
YYR,Boreal
YZP,Boreal
ALC,British Sunny Vacay x2|
LEI,British Sunny Vacay x2|
LPA,British Sunny Vacay x2|
LPA,British Sunny Vacay x2|
OVD,British Sunny Vacay x2|
RMU,British Sunny Vacay x2|
SCQ,British Sunny Vacay x2|
TFN,British Sunny Vacay x2|
TFS,British Sunny Vacay x2|
ABV,Bureaucracy
ADD,Bureaucracy
BRU,Bureaucracy
BSB,Bureaucracy
CAI,Bureaucracy
CBR,Bureaucracy
DCA,Bureaucracy
DEL,Bureaucracy
ESB,Bureaucracy
GVA,Bureaucracy
IAD,Bureaucracy
LHR,Bureaucracy
MEX,Bureaucracy
NLU,Bureaucracy
NRT,Bureaucracy
PEK,Bureaucracy
YOW,Bureaucracy
YCB,Canadian Arctic 
YEV,Canadian Arctic 
YFB,Canadian Arctic 
YLT,Canadian Arctic 
YOW,Canadian Arctic 
YRB,Canadian Arctic 
YRB,Canadian Arctic 
YXY,Canadian Arctic 
YZF,Canadian Arctic 
CAN,Cantonese|
HKG,Cantonese|
JFK,Cantonese|
MFM,Cantonese|
SFO,Cantonese|
SZX,Cantonese|
YVR,Cantonese|
ACY,Casinos
CUN,Casinos
FPO,Casinos
GIB,Casinos
GPT,Casinos
LAS,Casinos
MCM,Casinos
MFM,Casinos
NTY,Casinos
RNO,Casinos
VAR,Casinos
CAY,CC|
FLL,CC|
JFK,CC|
MIA,CC|
ALC,Ceramics
AMD,Ceramics
AZD,Ceramics
BLQ,Ceramics
FUO,Ceramics
GRU,Ceramics
JDZ,Ceramics
JJN,Ceramics
KHN,Ceramics
MTY,Ceramics
NAG,Ceramics
WUX,Ceramics
BKI,Chinese tourism|
CAN,Chinese tourism|
CEB,Chinese tourism|
CGO,Chinese tourism|
CKG,Chinese tourism|
CNX,Chinese tourism|
CSX,Chinese tourism|
CXR,Chinese tourism|
DMK,Chinese tourism|
DPS,Chinese tourism|
FOC,Chinese tourism|
HGH,Chinese tourism|
HKT,Chinese tourism|
HRB,Chinese tourism|
KMG,Chinese tourism|
KWE,Chinese tourism|
NKG,Chinese tourism|
NTG,Chinese tourism|
PEK,Chinese tourism|
PKX,Chinese tourism|
PVG,Chinese tourism|
SAI,Chinese tourism|
SDK,Chinese tourism|
SHA,Chinese tourism|
SHE,Chinese tourism|
SZX,Chinese tourism|
TAO,Chinese tourism|
TFU,Chinese tourism|
TNA,Chinese tourism|
TWU,Chinese tourism|
WUH,Chinese tourism|
WUX,Chinese tourism|
XIY,Chinese tourism|
XMN,Chinese tourism|
ABJ,Chocolate
ACC,Chocolate
ANR,Chocolate
DLA,Chocolate
DVO,Chocolate
GOU,Chocolate
GYE,Chocolate
KMS,Chocolate
MDT,Chocolate
SAP,Chocolate
ZRH,Chocolate
BIL,Coal
CMI,Coal
CPR,Coal
CRW,Coal
EJA,Coal
EMD,Coal
GLT,Coal
HTS,Coal
JRG,Coal
LEX,Coal
MKY,Coal
MOV,Coal
MQL,Coal
MQP,Coal
NTL,Coal
ROK,Coal
RPR,Coal
WOL,Coal
BAV,Coal CN
BDJ,Coal CN
CIF,Coal CN
DLZ,Coal CN
DSN,Coal CN
HDG,Coal CN
HFE,Coal CN
HLD,Coal CN
HMI,Coal CN
INC,Coal CN
JBK,Coal CN
PKY,Coal CN
SJW,Coal CN
TGO,Coal CN
TRK,Coal CN
TYN,Coal CN
XIY,Coal CN
XUZ,Coal CN
ABA,Coal RU
HTA,Coal RU
KEJ,Coal RU
KJA,Coal RU
NOZ,Coal RU
ULK,Coal RU
COD,Coal seam gas
CTL,Coal seam gas
EMD,Coal seam gas
GLT,Coal seam gas
MOR,Coal seam gas
NAA,Coal seam gas
RMA,Coal seam gas
ROK,Coal seam gas
TSV,Coal seam gas
WGA,Coal seam gas
WTB,Coal seam gas
YPR,Coal seam gas
YQL,Coal seam gas
YXS,Coal seam gas
YYC,Coal seam gas
ADD,Coffee
ADZ,Coffee
BOG,Coffee
BSB,Coffee
CGK,Coffee
CNF,Coffee
CTG,Coffee
DLI,Coffee
EBB,Coffee
GYE,Coffee
JRO,Coffee
KGL,Coffee
KNO,Coffee
LAE,Coffee
MZL,Coffee
PEI,Coffee
PKZ,Coffee
PLM,Coffee
PXU,Coffee
SDU,Coffee
SEA,Coffee
SSY,Coffee
TGU,Coffee
TGZ,Coffee
THD,Coffee
TPQ,Coffee
TRU,Coffee
UIO,Coffee
BOG,Colonial ties bind
CUZ,Colonial ties bind
LIM,Colonial ties bind
MAD,Colonial ties bind
MDE,Colonial ties bind
SCL,Colonial ties bind
ASI,Commonwealth ties
BDA,Commonwealth ties
EDI,Commonwealth ties
HLE,Commonwealth ties
LGW,Commonwealth ties
LHR,Commonwealth ties
MAN,Commonwealth ties
MPN,Commonwealth ties
NAS,Commonwealth ties
STN,Commonwealth ties
AUS,Computers
CGO,Computers
CJJ,Computers
CTU,Computers
HKG,Computers
ICN,Computers
KHH,Computers
KIX,Computers
RMQ,Computers
SJC,Computers
SZX,Computers
ARK,Conservation
ASV,Conservation
BBK,Conservation
HAL,Conservation
HDS,Conservation
JRO,Conservation
KXO,Conservation
MFA,Conservation
MFU,Conservation
MQP,Conservation
MRE,Conservation
MUB,Conservation
SEU,Conservation
SWX,Conservation
VFA,Conservation
WDH,Conservation
ANF,Copper
AQG,Copper
AQP,Copper
BEG,Copper
CEN,Copper
CJC,Copper
CPO,Copper
DLZ,Copper
FBM,Copper
HAM,Copper
IQQ,Copper
JAU,Copper
JIC,Copper
KHN,Copper
MEL,Copper
NLA,Copper
NSK,Copper
OIT,Copper
OKJ,Copper
OLP,Copper
PHX,Copper
PTY,Copper
SCL,Copper
SLC,Copper
STV,Copper
SVX,Copper
TAK,Copper
TAM,Copper
TAO,Copper
TCQ,Copper
TCR,Copper
TRU,Copper
TSV,Copper
USN,Copper
WRO,Copper
YVR,Copper
BHQ,Copper FIFO
CAZ,Copper FIFO
ISA,Copper FIFO
ISA,Copper FIFO
KTA,Copper FIFO
LEA,Copper FIFO
OLP,Copper FIFO
PER,Copper FIFO
PHO,Copper FIFO
PXH,Copper FIFO
ROK,Copper FIFO
SVC,Copper FIFO
SYD,Copper FIFO
TBG,Copper FIFO
TSV,Copper FIFO
UNG,Copper FIFO
YUY,Copper FIFO
ZNE,Copper FIFO
FBM,Copperbelt
JNB,Copperbelt
KIT,Copperbelt
KWZ,Copperbelt
LUN,Copperbelt
NLA,Copperbelt
PTG,Copperbelt
SLI,Copperbelt
ABY,Cotton
AKU,Cotton
APL,Cotton
ATQ,Cotton
CGO,Cotton
FSM,Cotton
GBB,Cotton
HTN,Cotton
KHN,Cotton
KRL,Cotton
KSH,Cotton
LYP,Cotton
MAF,Cotton
MUX,Cotton
PNS,Cotton
SJT,Cotton
SKD,Cotton
TBZ,Cotton
TLQ,Cotton
URC,Cotton
WNS,Cotton
ASR,CPG & Retail
ATL,CPG & Retail
BKK,CPG & Retail
BLQ,CPG & Retail
BRU,CPG & Retail
CGK,CPG & Retail
CRK,CPG & Retail
CVG,CPG & Retail
DEL,CPG & Retail
EIN,CPG & Retail
GDL,CPG & Retail
GMP,CPG & Retail
GVA,CPG & Retail
HAN,CPG & Retail
HFE,CPG & Retail
HGH,CPG & Retail
HKG,CPG & Retail
KWE,CPG & Retail
LAS,CPG & Retail
LGA,CPG & Retail
LYS,CPG & Retail
MDW,CPG & Retail
MMX,CPG & Retail
MSP,CPG & Retail
MXP,CPG & Retail
ORD,CPG & Retail
PAE,CPG & Retail
SGN,CPG & Retail
TAO,CPG & Retail
TSF,CPG & Retail
UKB,CPG & Retail
WAW,CPG & Retail
WRO,CPG & Retail
XNA,CPG & Retail
YTZ,CPG & Retail
ASP,Cryptids
CNS,Cryptids
EUG,Cryptids
INV,Cryptids
IXB,Cryptids
KTM,Cryptids
PBH,Cryptids
SNN,Cryptids
YKA,Cryptids
ABI,Cryptocurrency
ALA,Cryptocurrency
AUS,Cryptocurrency
BSL,Cryptocurrency
CGO,Cryptocurrency
DEN,Cryptocurrency
DME,Cryptocurrency
DXB,Cryptocurrency
EZE,Cryptocurrency
GTF,Cryptocurrency
HRB,Cryptocurrency
MIA,Cryptocurrency
RNO,Cryptocurrency
SAL,Cryptocurrency
SJC,Cryptocurrency
TLL,Cryptocurrency
YVR,Cryptocurrency
ZRH,Cryptocurrency
BOJ,Czech|
HRG,Czech|
RMF,Czech|
AAR,Dairy
AEP,Dairy
AKL,Dairy
ALB,Dairy
AMD,Dairy
BDQ,Dairy
BLL,Dairy
CHC,Dairy
CNF,Dairy
EIN,Dairy
GRB,Dairy
HET,Dairy
HLZ,Dairy
ITH,Dairy
LHE,Dairy
MKE,Dairy
MOC,Dairy
MSN,Dairy
MUC,Dairy
PMR,Dairy
RST,Dairy
RUT,Dairy
SMF,Dairy
SNN,Dairy
STV,Dairy
UDI,Dairy
AGT,Dark economy
CRK,Dark economy
CUN,Dark economy
FNJ,Dark economy
GMO,Dark economy
HEH,Dark economy
KOS,Dark economy
KTI,Dark Economy
MFM,Dark economy
NDB,Dark economy
NYT,Dark economy
ODY,Dark economy
SWA,Dark economy
TNG,Dark economy
BQS,Defense RU
DME,Defense RU
GRV,Defense RU
KGD,Defense RU
LED,Defense RU
MMK,Defense RU
OGZ,Defense RU
PKV,Defense RU
ROV,Defense RU
SIP,Defense RU
STW,Defense RU
SVO,Defense RU
UUS,Defense RU
VKO,Defense RU
VVO,Defense RU
AMS,Diamonds
ANR,Diamonds
BDJ,Diamonds
BOM,Diamonds
DUE,Diamonds
FKI,Diamonds
FNA,Diamonds
FRW,Diamonds
GBE,Diamonds
JNB,Diamonds
KGA,Diamonds
KNX,Diamonds
LAD,Diamonds
LCY,Diamonds
MJM,Diamonds
MJZ,Diamonds
MSU,Diamonds
PTG,Diamonds
STV,Diamonds
TLV,Diamonds
WDH,Diamonds
YKS,Diamonds
ACV,Drug trafficking
AMS,Drug trafficking
ANR,Drug trafficking
CLO,Drug trafficking
CNF,Drug trafficking
CUL,Drug trafficking
DAD,Drug trafficking
GYA,Drug trafficking
HKT,Drug trafficking
HMO,Drug trafficking
KBL,Drug trafficking
KDH,Drug trafficking
KIN,Drug trafficking
LAX,Drug trafficking
LPQ,Drug trafficking
MAO,Drug trafficking
MDE,Drug trafficking
MIA,Drug trafficking
MID,Drug trafficking
MVP,Drug trafficking
MZG,Drug trafficking
MZR,Drug trafficking
MZT,Drug trafficking
PBU,Drug trafficking
PEW,Drug trafficking
PMG,Drug trafficking
PUJ,Drug trafficking
RGN,Drug trafficking
SMR,Drug trafficking
TCO,Drug trafficking
THL,Drug trafficking
TIJ,Drug trafficking
TTU,Drug trafficking
VRA,Drug trafficking
ZAH,Drug trafficking 
AMS,Dutch holiday
AUA,Dutch holiday
BON,Dutch holiday
CUR,Dutch holiday
EIN,Dutch holiday
EUX,Dutch holiday
PBM,Dutch holiday
RTM,Dutch holiday
SAB,Dutch holiday
SXM,Dutch holiday
ADB,Dutch|
AYT,Dutch|
BJL,Dutch|
BJV,Dutch|
BVC,Dutch|
DLM,Dutch|
DPS,Dutch|
HER,Dutch|
HRG,Dutch|
KGS,Dutch|
RMF,Dutch|
ZTH,Dutch|
GOM,EAC|
BDO,Electronics
BKK,Electronics
BTH,Electronics
CAN,Electronics
CEB,Electronics
CJJ,Electronics
CJS,Electronics
CKG,Electronics
CRK,Electronics
CSX,Electronics
CTU,Electronics
FOC,Electronics
FUK,Electronics
FUO,Electronics
GMP,Electronics
HAN,Electronics
HIA,Electronics
HND,Electronics
HUZ,Electronics
ITM,Electronics
JHB,Electronics
KMQ,Electronics
MTY,Electronics
NGO,Electronics
PEN,Electronics
PUS,Electronics
PVG,Electronics
SIN,Electronics
SZX,Electronics
TAE,Electronics
TPE,Electronics
WRO,Electronics
WUX,Electronics
XMN,Electronics
ABZ,Equinor
AES,Equinor
BGO,Equinor
BOO,Equinor
BPT,Equinor
DND,Equinor
EBJ,Equinor
EH1,Equinor
END,Equinor
ENQ,Equinor
ENX,Equinor
HAU,Equinor
IAH,Equinor
KRS,Equinor
KSU,Equinor
LWK,Equinor
RTM,Equinor
SDU,Equinor
SVG,Equinor
TOS,Equinor
TRF,Equinor
LCA,EU|
PFO,EU|
AMS,Eurozone banking
BRU,Eurozone banking
BUD,Eurozone banking
CDG,Eurozone banking
CGN,Eurozone banking
DUS,Eurozone banking
FCO,Eurozone banking
FRA,Eurozone banking
LCY,Eurozone banking
LIS,Eurozone banking
LUX,Eurozone banking
MAD,Eurozone banking
MXP,Eurozone banking
OTP,Eurozone Banking
PRG,Eurozone banking
VIE,Eurozone banking
WAW,Eurozone banking
ZRH,Eurozone banking
BAG,Evangelicalism
BNA,Evangelicalism
CGH,Evangelicalism
CLL,Evangelicalism
COS,Evangelicalism
EBB,Evangelicalism
GMP,Evangelicalism
GRR,Evangelicalism
GUA,Evangelicalism
LYH,Evangelicalism
TUL,Evangelicalism
BTR,ExxonMobil
GPT,ExxonMobil
IAH,ExxonMobil
LAE,ExxonMobil
LFT,ExxonMobil
NOV,ExxonMobil
POM,ExxonMobil
SCO,ExxonMobil
SHV,ExxonMobil
AMD,Fabrics
BDO,Fabrics
CGP,Fabrics
CGQ,Fabrics
DAC,Fabrics
DAD,Fabrics
FOC,Fabrics
HAN,Fabrics
HGH,Fabrics
HPH,Fabrics
HYN,Fabrics
IXC,Fabrics
LHE,Fabrics
LYP,Fabrics
MUX,Fabrics
NTG,Fabrics
RJH,Fabrics
SGN,Fabrics
TNA,Fabrics
WEH,Fabrics
WUX,Fabrics
ZYL,Fabrics
ACH,Fine cheese
BIO,Fine cheese
BRN,Fine cheese
BRS,Fine cheese
BTV,Fine cheese
CAG,Fine cheese
DLE,Fine cheese
DOL,Fine cheese
DUD,Fine cheese
EMA,Fine cheese
LIN,Fine cheese
MSN,Fine cheese
OVD,Fine cheese
PMF,Fine cheese
RDZ,Fine cheese
RTM,Fine cheese
SKG,Fine cheese
STS,Fine cheese
TUF,Fine cheese
ALF,Finnish|
KRN,Finnish|
TOS,Finnish|
AGR,Footwear
AOI,Footwear
BGY,Footwear
BJX,Footwear
CAN,Footwear
EUG,Footwear
FOC,Footwear
GNY,Footwear
JJN,Footwear
KHN,Footwear
LHE,Footwear
MAA,Footwear
PDX,Footwear
POA,Footwear
RAO,Footwear
SAW,Footwear
SDQ,Footwear
SGN,Footwear
TIA,Footwear
WNZ,Footwear
ACV,Forestry
AOJ,Forestry
BIL,Forestry
BOI,Forestry
CEC,Forestry
CEI,Forestry
CIU,Forestry
GEG,Forestry
HLN,Forestry
ILM,Forestry
IQT,Forestry
KCH,Forestry
KCZ,Forestry
MAO,Forestry
MFR,Forestry
MYY,Forestry
NSI,Forestry
OBO,Forestry
OTH,Forestry
POS,Forestry
RDM,Forestry
YVR,Forestry
BJV,Francophonie|
CAB,Francophonie|
CMN,Francophonie|
GVA,Francophonie|
HER,Francophonie|
JMK,Francophonie|
JTR,Francophonie|
MRU,Francophonie|
PQI,Francophonie|
PUJ,Francophonie|
RAK,Francophonie|
RBA,Francophonie|
RIH,Francophonie|
YBC,Francophonie|
YBG,Francophonie|
YBG,Francophonie|
YGP,Francophonie|
YHU,Francophonie|
YMT,Francophonie|
YQB,Francophonie|
YQM,Francophonie|
YRJ,Francophonie|
YTM,Francophonie|
YTS,Francophonie|
YUL,Francophonie|
YUY,Francophonie|
YVO,Francophonie|
YXK,Francophonie|
YYY,Francophonie|
YZV,Francophonie|
ZBF,Francophonie|
ALA,Gazprom
AMV,Gazprom
ASF,Gazprom
BEG,Gazprom
BVJ,Gazprom
CEE,Gazprom
GDX,Gazprom
GUW,Gazprom
KHV,Gazprom
KUF,Gazprom
LED,Gazprom
NQZ,Gazprom
NUX,Gazprom
OGZ,Gazprom
PKC,Gazprom
SBT,Gazprom
SCO,Gazprom
TOF,Gazprom
UUS,Gazprom
VKO,Gazprom
VVO,Gazprom
BBK,Gemstones
CJC,Gemstones
CMB,Gemstones
FIH,Gemstones
GVR,Gemstones
HTS,Gemstones
IDA,Gemstones
IXU,Gemstones
JAI,Gemstones
JGD,Gemstones
JXA,Gemstones
LEA,Gemstones
LOP,Gemstones
MGZ,Gemstones
MJZ,Gemstones
PMW,Gemstones
TUS,Gemstones
YLX,Gemstones
YXC,Gemstones
AEY,Geothermal
BKS,Geothermal
DGT,Geothermal
DNZ,Geothermal
DRP,Geothermal
IFJ,Geothermal
KEF,Geothermal
KOJ,Geothermal
MXL,Geothermal
NBO,Geothermal
OAK,Geothermal
OIT,Geothermal
RKV,Geothermal
TKG,Geothermal
WRE,Geothermal
ADB,German|
AGT,German|
AYT,German|
BZO,German|
CFU,German|
CHQ,German|
CMB,German|
DLM,German|
HER,German|
HKT,German|
HRG,German|
KGS,German|
LGK,German|
MBA,German|
PUJ,German|
RHO,German|
RMF,German|
SKG,German|
SPC,German|
SXB,German|
VAR,German|
VRA,German|
ZNZ,German|
ANR,Global logistics
CAN,Global logistics
DXB,Global logistics
EWR,Global logistics
FRA,Global logistics
HKG,Global logistics
LGB,Global logistics
MEM,Global logistics
PTY,Global logistics
PVG,Global logistics
RTM,Global logistics
SDF,Global logistics
SHJ,Global logistics
SIN,Global logistics
BKO,Gold
DEN,Gold
GDX,Gold
GYE,Gold
IKT,Gold
IQM,Gold
JGD,Gold
JNB,Gold
KJA,Gold
NNG,Gold
OME,Gold
PER,Gold
PKC,Gold
PZU,Gold
RNO,Gold
TNH,Gold
UBN,Gold
UUD,Gold
WDH,Gold
YKS,Gold
YLW,Gold
YXY,Gold
CNJ,Gold FIFO
EKO,Gold FIFO
HGU,Gold FIFO
KGI,Gold FIFO
LAE,Gold FIFO
LNV,Gold FIFO
LVO,Gold FIFO
PER,Gold FIFO
TBG,Gold FIFO
TCA,Gold FIFO
WUN,Gold FIFO
YTS,Gold FIFO
YVO,Gold FIFO
YZF,Gold FIFO
BNE,Golden Triangle x2
MEL,Golden Triangle x2
SYD,Golden Triangle x2
AGS,Golf
DUB,Golf
EDI,Golf
MCO,Golf
MYR,Golf
PBI,Golf
PRC,Golf
PSP,Golf
SAV,Golf
TPA,Golf
TUS,Golf
DDC,Grain Belt
DNK,Grain Belt
DSM,Grain Belt
DVL,Grain Belt
ENO,Grain Belt
FAR,Grain Belt
GEG,Grain Belt
ICT,Grain Belt
IEV,Grain Belt
JBK,Grain Belt
KBP,Grain Belt
KRR,Grain Belt
MCI,Grain Belt
MLI,Grain Belt
MRV,Grain Belt
ODS,Grain Belt
OKC,Grain Belt
OMA,Grain Belt
RIX,Grain Belt
ROV,Grain Belt
SFN,Grain Belt
SPI,Grain Belt
YBR,Grain Belt
YDN,Grain Belt
YQR,Grain Belt
YXC,Grain Belt
YXX,Grain Belt
LCA,Greek|
PFO,Greek|
ATL,Healthcare admin
BDL,Healthcare admin
BNA,Healthcare admin
BOI,Healthcare admin
BWI,Healthcare admin
CLE,Healthcare admin
DAY,Healthcare admin
DCA,Healthcare admin
HOU,Healthcare admin
MDT,Healthcare admin
MSN,Healthcare admin
MSP,Healthcare admin
PIA,Healthcare admin
ROC,Healthcare admin
RST,Healthcare admin
SAT,Healthcare admin
SDF,Healthcare admin
STL,Healthcare admin
TPA,Healthcare admin
AMD,Heavy industry
BHM,Heavy industry
BPN,Heavy industry
CCP,Heavy industry
CEK,Heavy industry
CGP,Heavy industry
CSX,Heavy industry
FUK,Heavy industry
GOJ,Heavy industry
HAM,Heavy industry
HET,Heavy industry
HSR,Heavy industry
IPN,Heavy industry
JAN,Heavy industry
MOB,Heavy industry
MSQ,Heavy industry
NGS,Heavy industry
NSK,Heavy industry
OVB,Heavy industry
PDV,Heavy industry
PER,Heavy industry
SDU,Heavy industry
SHA,Heavy industry
SKG,Heavy industry
SKP,Heavy industry
XNN,Heavy industry
ZHA,Heavy industry
AGR,Hindi|
AHA,Hindi|
AIP,Hindi|
AMD,Hindi|
ATQ,Hindi|
AYJ,Hindi|
BDQ,Hindi|
BEK,Hindi|
BHJ,Hindi|
BHO,Hindi|
BHU,Hindi|
BOM,Hindi|
CCU,Hindi|
DBR,Hindi|
DED,Hindi|
DEL,Hindi|
DGH,Hindi|
DHM,Hindi|
DIU,Hindi|
DUR,Hindi|
GAY,Hindi|
GDB,Hindi|
GOP,Hindi|
GWL,Hindi|
HDO,Hindi|
HGI,Hindi|
HJR,Hindi|
HSR,Hindi|
HSS,Hindi|
HYD,Hindi|
IDR,Hindi|
ISK,Hindi|
IXB,Hindi|
IXC,Hindi|
IXD,Hindi|
IXJ,Hindi|
IXK,Hindi|
IXL,Hindi|
IXP,Hindi|
IXR,Hindi|
IXU,Hindi|
IXY,Hindi|
IXZ,Hindi|
JAI,Hindi|
JDH,Hindi|
JGA,Hindi|
JGB,Hindi|
JLG,Hindi|
JLR,Hindi|
JSA,Hindi|
KLH,Hindi|
KNU,Hindi|
KQH,Hindi|
KUU,Hindi|
LKO,Hindi|
LTU,Hindi|
MZS,Hindi|
NAG,Hindi|
NDC,Hindi|
NMI,Hindi|
PAB,Hindi|
PAT,Hindi|
PGH,Hindi|
PNQ,Hindi|
RDP,Hindi|
REW,Hindi|
RPR,Hindi|
SAG,Hindi|
SDW,Hindi|
STV,Hindi|
SXR,Hindi|
UDR,Hindi|
VNS,Hindi|
VSV,Hindi|
ABQ,Hispanic|
BFL,Hispanic|
BRO,Hispanic|
BUR,Hispanic|
CRP,Hispanic|
ELP,Hispanic|
FLL,Hispanic|
FLN,Hispanic|
HPN,Hispanic|
HRL,Hispanic|
IAH,Hispanic|
LAS,Hispanic|
LAX,Hispanic|
LRD,Hispanic|
MFE,Hispanic|
MIA,Hispanic|
NLD,Hispanic|
OAK,Hispanic|
ONT,Hispanic|
PBI,Hispanic|
PUB,Hispanic|
QAB,Hispanic|
RSW,Hispanic|
SAF,Hispanic|
SAT,Hispanic|
SJC,Hispanic|
TUS,Hispanic|
YUM,Hispanic|
HKG,HK Taiwan Kinship x2|
KHH,HK Taiwan Kinship x2|
TPE,HK Taiwan Kinship x2|
AGA,Horticulture
AMS,Horticulture
AOJ,Horticulture
BOG,Horticulture
CGY,Horticulture
EAT,Horticulture
ELP,Horticulture
FAT,Horticulture
FLL,Horticulture
GIZ,Horticulture
GYD,Horticulture
ISK,Horticulture
JIU,Horticulture
JNZ,Horticulture
KOA,Horticulture
LAL,Horticulture
LEI,Horticulture
LIO,Horticulture
MAO,Horticulture
MDE,Horticulture
MFR,Horticulture
NBO,Horticulture
NCE,Horticulture
TLV,Horticulture
TRG,Horticulture
TZX,Horticulture
UIO,Horticulture
WAG,Horticulture
YCG,Horticulture
YUM,Horticulture
ACC,Humanitarian NGO
ADD,Humanitarian NGO
AMM,Humanitarian NGO
BEY,Humanitarian NGO
BKK,Humanitarian NGO
GVA,Humanitarian NGO
IST,Humanitarian NGO
JFK,Humanitarian NGO
NBO,Humanitarian NGO
PAP,Humanitarian NGO
PTY,Humanitarian NGO
HRG,Hungarian|
BKI,Indian Ocean fishing
BTJ,Indian Ocean fishing
CMB,Indian Ocean fishing
COK,Indian Ocean fishing
HKT,Indian Ocean fishing
IXZ,Indian Ocean fishing
KOS,Indian Ocean fishing
LGK,Indian Ocean fishing
MLE,Indian Ocean fishing
MYY,Indian Ocean fishing
TCR,Indian Ocean fishing
TLE,Indian Ocean fishing
TRV,Indian Ocean fishing
CDG,Investment banking
DUB,Investment banking
FRA,Investment banking
HHP,Investment banking
HKG,Investment banking
ICN,Investment banking
JFK,Investment banking
JRA,Investment banking
JRB,Investment banking
LCY,Investment banking
LHR,Investment banking
LW0,Investment banking
NRT,Investment banking
PVG,Investment banking
SDB,Investment banking
SFO,Investment banking
SIN,Investment banking
YYZ,Investment banking
ZRH,Investment banking
CKS,Iron ore
CKW,Iron ore
EGO,Iron ore
HIB,Iron ore
JZH,Iron ore
KRN,Iron ore
KTA,Iron ore
OUZ,Iron ore
PBO,Iron ore
PHE,Iron ore
SIS,Iron ore
SJL,Iron ore
TGO,Iron ore
ZNE,Iron ore
AMM,Islamic finance
AUH,Islamic finance
BAH,Islamic finance
BOM,Islamic finance
CGK,Islamic finance
DXB,Islamic finance
JED,Islamic finance
KHI,Islamic finance
KUL,Islamic finance
RUH,Islamic finance
SAW,Islamic finance
LCA,Israeli Vacay x2
TLV,Israeli Vacay x2
CFU,Italian|
JMK,Italian|
JTR,Italian|
LUG,Italian|
MBA,Italian|
MLE,Italian|
MUH,Italian|
SSH,Italian|
ZNZ,Italian|
HTN,Jade
LUM,Jade
MDL,Jade
MYT,Jade
UUD,Jade
XNN,Jade
GUM,Japanese|
ROR,Japanese|
AAL,Jutland capital journeys
AAR,Jutland capital journeys
BLL,Jutland capital journeys
CPH,Jutland capital journeys
ULG,Kazakh|
BKI,Korean Vacay x2|
CXR,Korean Vacay x2|
DAD,Korean Vacay x2|
DLI,Korean Vacay x2|
ISG,Korean Vacay x2|
OKA,Korean Vacay x2|
SHI,Korean Vacay x2|
GUM,Korean|
MPH,Korean|
SPN,Korean|
YNJ,Korean|
BAL,Kurdish|
BJB,Kurdish|
DIY,Kurdish|
EBL,Kurdish|
ISU,Kurdish|
KAC,Kurdish|
KIK,Kurdish|
NKT,Kurdish|
OMH,Kurdish|
OMH,Kurdish|
VAN,Kurdish|
YKO,Kurdish|
BVA,L'Hexagone Hop
CAY,L'Hexagone Hop
CDG,L'Hexagone Hop
DZA,L'Hexagone Hop
FDF,L'Hexagone Hop
FSP,L'Hexagone Hop
LIL,L'Hexagone Hop
ORY,L'Hexagone Hop
PTP,L'Hexagone Hop
RUN,L'Hexagone Hop
SBH,L'Hexagone Hop
SFG,L'Hexagone Hop
ARU,Latifundia Legacy
BGA,Latifundia Legacy
CUL,Latifundia Legacy
ESM,Latifundia Legacy
GUA,Latifundia Legacy
GYE,Latifundia Legacy
IMP,Latifundia Legacy
JTC,Latifundia Legacy
JUJ,Latifundia Legacy
LIR,Latifundia Legacy
LPB,Latifundia Legacy
MAR,Latifundia Legacy
MVD,Latifundia Legacy
MZT,Latifundia Legacy
OPS,Latifundia Legacy
PDP,Latifundia Legacy
POA,Latifundia Legacy
REC,Latifundia Legacy
ROS,Latifundia Legacy
RVE,Latifundia Legacy
SAL,Latifundia Legacy
SMR,Latifundia Legacy
SSA,Latifundia Legacy
VUP,Latifundia Legacy
ABJ,Lebanese|
BAQ,Lebanese|
BEY,Lebanese|
CTG,Lebanese|
GRU,Lebanese|
SMR,Lebanese|
ARN,Life sciences
AUS,Life sciences
BLR,Life sciences
BOS,Life sciences
CLE,Life sciences
EDI,Life sciences
GOT,Life sciences
KIX,Life sciences
LTN,Life sciences
MEL,Life sciences
PIT,Life sciences
PVD,Life sciences
SAN,Life sciences
SEA,Life sciences
SFO,Life sciences
SXB,Life sciences
SYD,Life sciences
SZX,Life sciences
TLS,Life sciences
UKB,Life sciences
VIE,Life sciences
WUH,Life sciences
YVR,Life sciences
YYZ,Life sciences
ADL,LNG
ALA,LNG
ANC,LNG
ASB,LNG
BAH,LNG
BNE,LNG
BRW,LNG
BTR,LNG
BTU,LNG
BWN,LNG
DOH,LNG
ENA,LNG
GLT,LNG
GYD,LNG
HOU,LNG
KCH,LNG
KRW,LNG
KTA,LNG
LEJ,LNG
MSY,LNG
NGB,LNG
NPL,LNG
NUX,LNG
PER,LNG
RMA,LNG
SBT,LNG
SCC,LNG
SVO,LNG
TUL,LNG
UUS,LNG
VKO,LNG
VVI,LNG
YEG,LNG
YQX,LNG
YXH,LNG
AKL,Logistics APAC
BHY,Logistics APAC
BNE,Logistics APAC
CAN,Logistics APAC
CCU,Logistics APAC
CGY,Logistics APAC
CHC,Logistics APAC
CKG,Logistics APAC
FOC,Logistics APAC
GOA,Logistics APAC
HDY,Logistics APAC
HKG,Logistics APAC
JHB,Logistics APAC
KNO,Logistics APAC
KWE,Logistics APAC
KWL,Logistics APAC
LYG,Logistics APAC
MNL,Logistics APAC
NBC,Logistics APAC
NGB,Logistics APAC
PER,Logistics APAC
SIN,Logistics APAC
SUB,Logistics APAC
SYD,Logistics APAC
TSN,Logistics APAC
VTE,Logistics APAC
XIY,Logistics APAC
YIH,Logistics APAC
ZHA,Logistics APAC
ALA,Logistics CIS
DYU,Logistics CIS
EVN,Logistics CIS
IST,Logistics CIS
KGD,Logistics CIS
LED,Logistics CIS
MMK,Logistics CIS
MSQ,Logistics CIS
NZH,Logistics CIS
ROV,Logistics CIS
TAS,Logistics CIS
VKO,Logistics CIS
VVO,Logistics CIS
ALG,Logistics EU Med
ANR,Logistics EU Med
BCN,Logistics EU Med
BEG,Logistics EU Med
CMN,Logistics EU Med
COV,Logistics EU Med
DOL,Logistics EU Med
DTM,Logistics EU Med
EMA,Logistics EU Med
FCO,Logistics EU Med
GIB,Logistics EU Med
HAM,Logistics EU Med
HBE,Logistics EU Med
HFA,Logistics EU Med
IST,Logistics EU Med
LBC,Logistics EU Med
LEJ,Logistics EU Med
LIS,Logistics EU Med
LUX,Logistics EU Med
MAD,Logistics EU Med
MRS,Logistics EU Med
MXX,Logistics EU Med
OST,Logistics EU Med
POZ,Logistics EU Med
RTM,Logistics EU Med
TBS,Logistics EU Med
TNG,Logistics EU Med
VLC,Logistics EU Med
ZAG,Logistics EU Med
CGH,Logistics LATAM
CUZ,Logistics LATAM
EZE,Logistics LATAM
FLL,Logistics LATAM
GYE,Logistics LATAM
MDE,Logistics LATAM
MEX,Logistics LATAM
MIA,Logistics LATAM
MVD,Logistics LATAM
REC,Logistics LATAM
SCL,Logistics LATAM
SDQ,Logistics LATAM
SDU,Logistics LATAM
SJU,Logistics LATAM
SMR,Logistics LATAM
UDI,Logistics LATAM
VCP,Logistics LATAM
VIX,Logistics LATAM
ABJ,Logistics MEA
ADD,Logistics MEA
BND,Logistics MEA
BUQ,Logistics MEA
BUZ,Logistics MEA
CAI,Logistics MEA
CMN,Logistics MEA
CPT,Logistics MEA
DAR,Logistics MEA
DLA,Logistics MEA
DOH,Logistics MEA
DSS,Logistics MEA
DUR,Logistics MEA
JED,Logistics MEA
JIB,Logistics MEA
JNB,Logistics MEA
LAU,Logistics MEA
LOS,Logistics MEA
MBA,Logistics MEA
MPM,Logistics MEA
NBJ,Logistics MEA
NBO,Logistics MEA
PZU,Logistics MEA
RUH,Logistics MEA
SHJ,Logistics MEA
TET,Logistics MEA
THR,Logistics MEA
ATL,Logistics NAC
BFL,Logistics NAC
BWI,Logistics NAC
CAK,Logistics NAC
CHS,Logistics NAC
CJS,Logistics NAC
CLT,Logistics NAC
CUU,Logistics NAC
CVG,Logistics NAC
DEN,Logistics NAC
ELP,Logistics NAC
EWR,Logistics NAC
IND,Logistics NAC
JAX,Logistics NAC
LGB,Logistics NAC
MDW,Logistics NAC
MEM,Logistics NAC
MEX,Logistics NAC
MTY,Logistics NAC
OAK,Logistics NAC
OMA,Logistics NAC
ONT,Logistics NAC
ORF,Logistics NAC
PHX,Logistics NAC
PTY,Logistics NAC
RFD,Logistics NAC
SAV,Logistics NAC
SDF,Logistics NAC
SJU,Logistics NAC
TPA,Logistics NAC
YHM,Logistics NAC
YHU,Logistics NAC
YQR,Logistics NAC
YTZ,Logistics NAC
ACH,Loves Alps|
BHX,Loves Alps|
BRS,Loves Alps|
BSL,Loves Alps|
BZO,Loves Alps|
EDI,Loves Alps|
GLA,Loves Alps|
GVA,Loves Alps|
INN,Loves Alps|
LCY,Loves Alps|
LPL,Loves Alps|
LTN,Loves Alps|
MAN,Loves Alps|
NCL,Loves Alps|
SEN,Loves Alps|
STN,Loves Alps|
ZRH,Loves Alps|
BRE,Loves Arctic|
CGN,Loves Arctic|
DTM,Loves Arctic|
DUS,Loves Arctic|
EVE,Loves Arctic|
FAI,Loves Arctic|
FMM,Loves Arctic|
FRA,Loves Arctic|
GOH,Loves Arctic|
HAJ,Loves Arctic|
HAM,Loves Arctic|
HHN,Loves Arctic|
KTT,Loves Arctic|
LBC,Loves Arctic|
LEJ,Loves Arctic|
LYR,Loves Arctic|
RVN,Loves Arctic|
YFB,Loves Arctic|
YXY,Loves Arctic|
YZF,Loves Arctic|
DPS,Loves Bali x2|
CUN,Loves Cancun x2|
CZM,Loves Cancun x2|
YEG,Loves Cancun x2|
YHM,Loves Cancun x2|
YOW,Loves Cancun x2|
YQB,Loves Cancun x2|
YUL,Loves Cancun x2|
YWG,Loves Cancun x2|
YXU,Loves Cancun x2|
YXY,Loves Cancun x2|
YYC,Loves Cancun x2|
YYZ,Loves Cancun x2|
AEP,Loves Florianopolis x2|
COR,Loves Florianopolis x2|
EZE,Loves Florianopolis x2|
FLN,Loves Florianopolis x2|
MDZ,Loves Florianopolis x2|
ROS,Loves Florianopolis x2|
CAY,Loves French Antilles|
FDF,Loves French Antilles|
FSP,Loves French Antilles|
GBJ,Loves French Antilles|
PTP,Loves French Antilles|
SBH,Loves French Antilles|
SFG,Loves French Antilles|
YQB,Loves French Antilles|
YUL,Loves French Antilles|
KVA,Loves Kavala x2|
SOF,Loves Kavala x2|
PMI,Loves Mallorca x2|
HKT,Loves Phuket x2|
BGO,Loves Spain|
KRS,Loves Spain|
OSL,Loves Spain|
RMU,Loves Spain|
SVG,Loves Spain|
TRD,Loves Spain|
TRF,Loves Spain|
ANR,Loves Tiroler Unterlan x2|
INN,Loves Tiroler Unterlan x2|
BRC,Lusophone|
LUX,Lusophone|
MCO,Lusophone|
MIA,Lusophone|
MPM,Lusophone|
PVD,Lusophone|
BUR,Luxury goods
CDG,Luxury goods
DXB,Luxury goods
FCO,Luxury goods
GVA,Luxury goods
HAK,Luxury goods
HKG,Luxury goods
JFK,Luxury goods
LCY,Luxury goods
MIA,Luxury goods
MXP,Luxury goods
NRT,Luxury goods
ORY,Luxury goods
PVG,Luxury goods
ZRH,Luxury goods
BEG,Machinery
BGY,Machinery
BHX,Machinery
BLQ,Machinery
BTS,Machinery
BUF,Machinery
CAN,Machinery
CSX,Machinery
CZX,Machinery
FSZ,Machinery
GLA,Machinery
HAJ,Machinery
HFE,Machinery
ICT,Machinery
IND,Machinery
JAN,Machinery
JNG,Machinery
KHV,Machinery
KTW,Machinery
KUF,Machinery
KWJ,Machinery
KZN,Machinery
LED,Machinery
LIN,Machinery
MKE,Machinery
PIA,Machinery
PNQ,Machinery
STR,Machinery
TAE,Machinery
TBZ,Machinery
UKB,Machinery
VOG,Machinery
WAW,Machinery
WUX,Machinery
XUZ,Machinery
YAM,Machinery
CCK,Malay|
AEB,Manganese
BTU,Manganese
CMG,Manganese
DNK,Manganese
GTE,Manganese
HAU,Manganese
HNY,Manganese
IKT,Manganese
MAB,Manganese
MVB,Manganese
NAG,Manganese
PHE,Manganese
SIS,Manganese
TKD,Manganese
APN,Maple syrup
BTV,Maple syrup
CWA,Maple syrup
GRB,Maple syrup
IMT,Maple syrup
IWD,Maple syrup
MSS,Maple syrup
RHI,Maple syrup
SLK,Maple syrup
YBG,Maple syrup
YHU,Maple syrup
YQB,Maple syrup
YRJ,Maple syrup
ATH,Marine
AUH,Marine
BES,Marine
BGO,Marine
BHY,Marine
BPE,Marine
CPH,Marine
GDN,Marine
GLA,Marine
GOT,Marine
HAM,Marine
IXE,Marine
LCA,Marine
LIS,Marine
LPL,Marine
MNL,Marine
MSY,Marine
NCL,Marine
NNM,Marine
NTE,Marine
NVT,Marine
ORF,Marine
OSL,Marine
PTY,Marine
REC,Marine
SKG,Marine
UPG,Marine
YHZ,Marine
YYJ,Marine
AGA,Mediterranean Ag
ALC,Mediterranean Ag
ATH,Mediterranean Ag
BFL,Mediterranean Ag
BRI,Mediterranean Ag
CAG,Mediterranean Ag
COV,Mediterranean Ag
CPT,Mediterranean Ag
CTA,Mediterranean Ag
DBV,Mediterranean Ag
EDO,Mediterranean Ag
FAO,Mediterranean Ag
FEZ,Mediterranean Ag
GRO,Mediterranean Ag
GRX,Mediterranean Ag
LIS,Mediterranean Ag
NAP,Mediterranean Ag
ONT,Mediterranean Ag
PMO,Mediterranean Ag
PRN,Mediterranean Ag
PSR,Mediterranean Ag
RBA,Mediterranean Ag
RMO,Mediterranean Ag
SBA,Mediterranean Ag
SCK,Mediterranean Ag
SKG,Mediterranean Ag
SMF,Mediterranean Ag
SVQ,Mediterranean Ag
TUN,Mediterranean Ag
VLC,Mediterranean Ag
AAE,Mediterranean marine
AXD,Mediterranean marine
BCN,Mediterranean marine
BDS,Mediterranean marine
BOJ,Mediterranean marine
BUZ,Mediterranean marine
CKZ,Mediterranean marine
CND,Mediterranean marine
HTY,Mediterranean marine
KVA,Mediterranean marine
LMP,Mediterranean marine
MIR,Mediterranean marine
ODS,Mediterranean marine
ORN,Mediterranean marine
RJK,Mediterranean marine
TIV,Mediterranean marine
TRS,Mediterranean marine
TZX,Mediterranean marine
VCE,Mediterranean marine
VLC,Mediterranean marine
GEA,Melanesia
HIR,Melanesia
INU,Melanesia
LBS,Melanesia
NAN,Melanesia
NOU,Melanesia
POM,Melanesia
RAB,Melanesia
RAB,Melanesia
SON,Melanesia
SON,Melanesia
SUV,Melanesia
TAH,Melanesia
VLI,Melanesia
GUM,Micronesia
HNL,Micronesia
KSA,Micronesia
MAJ,Micronesia
PNI,Micronesia
ROR,Micronesia
SPN,Micronesia
TKK,Micronesia
TRW,Micronesia
TTK,Micronesia
YAP,Micronesia
AOR,Monsoon Ag
BAR,Monsoon Ag
DAC,Monsoon Ag
HUI,Monsoon Ag
ILO,Monsoon Ag
IXR,Monsoon Ag
JSR,Monsoon Ag
LKO,Monsoon Ag
MDL,Monsoon Ag
PNK,Monsoon Ag
RGN,Monsoon Ag
SAI,Monsoon Ag
SKT,Monsoon Ag
VCA,Monsoon Ag
VTZ,Monsoon Ag
BZN,Mountaineering
CUZ,Mountaineering
DEN,Mountaineering
FTE,Mountaineering
GIL,Mountaineering
INN,Mountaineering
JAC,Mountaineering
JRO,Mountaineering
KDU,Mountaineering
KTM,Mountaineering
LUA,Mountaineering
MDZ,Mountaineering
PNT,Mountaineering
PUQ,Mountaineering
SLC,Mountaineering
USH,Mountaineering
DCA,NA Capitols|
IAD,NA Capitols|
MEX,NA Capitols|
NLU,NA Capitols|
YOW,NA Capitols|
BUD,New energy
CTU,New energy
CZX,New energy
FRA,New energy
HFE,New energy
HGH,New energy
HND,New energy
HUZ,New energy
NGB,New energy
NNG,New energy
PKX,New energy
SHA,New energy
SHE,New energy
SJW,New energy
SZX,New energy
WUX,New energy
BPN,Nickel
CGQ,Nickel
DME,Nickel
HOG,Nickel
KGI,Nickel
KXB,Nickel
LNO,Nickel
MDC,Nickel
NSK,Nickel
SOQ,Nickel
SUB,Nickel
TMC,Nickel
TSV,Nickel
UPG,Nickel
YDP,Nickel
YMM,Nickel
YSB,Nickel
YTS,Nickel
YWB,Nickel
ABD,NIOC
AWZ,NIOC
BDH,NIOC
BUZ,NIOC
DOH,NIOC
GCH,NIOC
IKA,NIOC
KHK,NIOC
MRX,NIOC
SXI,NIOC
SYZ,NIOC
THR,NIOC
OSL,Nordic Ski 2 City x2
TRD,Nordic Ski 2 City x2
ARK,Nordic|
ATW,Nordic|
AYT,Nordic|
BIS,Nordic|
BOJ,Nordic|
BRE,Nordic|
CHQ,Nordic|
DLH,Nordic|
DLM,Nordic|
EAU,Nordic|
FAR,Nordic|
FSD,Nordic|
GFK,Nordic|
HAJ,Nordic|
HER,Nordic|
HKT,Nordic|
HRG,Nordic|
KBV,Nordic|
KGS,Nordic|
LBC,Nordic|
LCA,Nordic|
LPA,Nordic|
MKE,Nordic|
MSP,Nordic|
MWZ,Nordic|
PFO,Nordic|
PMI,Nordic|
POA,Nordic|
RHO,Nordic|
RST,Nordic|
SMI,Nordic|
VAR,Nordic|
BFI,Northwest Passage
CXH,Northwest Passage
FRD,Northwest Passage
SGY,Northwest Passage
YCD,Northwest Passage
YPR,Northwest Passage
YYJ,Northwest Passage
YZT,Northwest Passage
CDG,Nuclear energy
CFR,Nuclear energy
CLT,Nuclear energy
DME,Nuclear energy
GOJ,Nuclear energy
HEL,Nuclear energy
HUZ,Nuclear energy
IDA,Nuclear energy
KIJ,Nuclear energy
LYG,Nuclear energy
LYS,Nuclear energy
MMX,Nuclear energy
PEK,Nuclear energy
PUS,Nuclear energy
SDJ,Nuclear energy
TYS,Nuclear energy
VIE,Nuclear energy
VOZ,Nuclear energy
YYZ,Nuclear energy
AMS,Offshore finance
BDA,Offshore finance
DUB,Offshore finance
EIS,Offshore finance
GCI,Offshore finance
GCM,Offshore finance
GIB,Offshore finance
GVA,Offshore finance
HKG,Offshore finance
IOM,Offshore finance
JER,Offshore finance
JRA,Offshore finance
LCA,Offshore finance
LCY,Offshore finance
LUX,Offshore finance
LW0,Offshore finance
MLA,Offshore finance
NAS,Offshore finance
PTY,Offshore finance
SDB,Offshore finance
ABJ,Offshore oil
ABZ,Offshore oil
BGO,Offshore oil
BKI,Offshore oil
BVE,Offshore oil
BWN,Offshore oil
CAB,Offshore oil
CRP,Offshore oil
DIL,Offshore oil
DLA,Offshore oil
DMM,Offshore oil
DOH,Offshore oil
DPS,Offshore oil
DRW,Offshore oil
GIG,Offshore oil
GYD,Offshore oil
HOU,Offshore oil
KRW,Offshore oil
LBV,Offshore oil
LFT,Offshore oil
MCT,Offshore oil
MIR,Offshore oil
MOB,Offshore oil
MYY,Offshore oil
PER,Offshore oil
PHC,Offshore oil
PHE,Offshore oil
PNR,Offshore oil
PNS,Offshore oil
POG,Offshore oil
RTB,Offshore oil
SBA,Offshore oil
SSA,Offshore oil
SYY,Offshore oil
SZA,Offshore oil
TKD,Offshore oil
TRZ,Offshore oil
TUN,Offshore oil
UPG,Offshore oil
VER,Offshore oil
VPS,Offshore oil
AJF,Oil
ALA,Oil
ALG,Oil
AMS,Oil
ASB,Oil
BPN,Oil
BSR,Oil
CCS,Oil
CRZ,Oil
DAL,Oil
DFW,Oil
DIB,Oil
DMM,Oil
DXB,Oil
DYU,Oil
EBL,Oil
ELP,Oil
FCO,Oil
GEO,Oil
GIG,Oil
GNJ,Oil
GUW,Oil
HOU,Oil
IAH,Oil
IKA,Oil
KHS,Oil
KRT,Oil
KWI,Oil
LOS,Oil
MAK,Oil
MCT,Oil
MJI,Oil
NBJ,Oil
NQN,Oil
OKC,Oil
PKU,Oil
PLM,Oil
QRW,Oil
SSG,Oil
SUB,Oil
SVO,Oil
TUL,Oil
URA,Oil
YMM,Oil
YYC,Oil
BIL,Oil fracking
BUF,Oil fracking
COD,Oil fracking
CPD,Oil fracking
DAL,Oil fracking
DIK,Oil fracking
DRO,Oil fracking
HOB,Oil fracking
HOU,Oil fracking
IND,Oil fracking
IPT,Oil fracking
LBA,Oil fracking
LNK,Oil fracking
LRD,Oil fracking
MAF,Oil fracking
MDZ,Oil fracking
MOT,Oil fracking
NQN,Oil fracking
RKS,Oil fracking
TUL,Oil fracking
YBY,Oil fracking
YEG,Oil fracking
YMM,Oil fracking
YPE,Oil fracking
YQU,Oil fracking
YYC,Oil fracking
AUH,Oil refining
BPT,Oil refining
BTR,Oil refining
CYI,Oil refining
DQM,Oil refining
DSS,Oil refining
GIZ,Oil refining
HOU,Oil refining
JGA,Oil refining
KCH,Oil refining
KRT,Oil refining
KWI,Oil refining
KZO,Oil refining
MCX,Oil refining
MWX,Oil refining
OTP,Oil refining
PLQ,Oil refining
POS,Oil refining
PZU,Oil refining
UFA,Oil refining
YNB,Oil refining
AKJ,Paper & furniture
AVL,Paper & furniture
BOI,Paper & furniture
BRD,Paper & furniture
CCP,Paper & furniture
CEE,Paper & furniture
CWB,Paper & furniture
EAU,Paper & furniture
FKB,Paper & furniture
FMO,Paper & furniture
GRR,Paper & furniture
GSO,Paper & furniture
IXA,Paper & furniture
IXR,Paper & furniture
KHH,Paper & furniture
KUN,Paper & furniture
LYA,Paper & furniture
MCP,Paper & furniture
MQT,Paper & furniture
MXX,Paper & furniture
PDT,Paper & furniture
PES,Paper & furniture
PNS,Paper & furniture
RIX,Paper & furniture
SAL,Paper & furniture
SBW,Paper & furniture
SHE,Paper & furniture
SVG,Paper & furniture
UIO,Paper & furniture
XAP,Paper & furniture
YKA,Paper & furniture
KBL,Pashto|
KDH,Pashto|
PEW,Pashto|
UET,Pashto|
BLA,PDVSA
CCS,PDVSA
CUM,PDVSA
DME,PDVSA
MAR,PDVSA
MUN,PDVSA
PMV,PDVSA
BGF,Peacekeeping
CMN,Peacekeeping
DAC,Peacekeeping
DSS,Peacekeeping
FIH,Peacekeeping
JUB,Peacekeeping
KGL,Peacekeeping
KTM,Peacekeeping
NBO,Peacekeeping
TNR,Peacekeeping
ABY,Peanuts
BJL,Peanuts
COR,Peanuts
DHN,Peanuts
EBD,Peanuts
HSR,Peanuts
KAN,Peanuts
LLW,Peanuts
LYI,Peanuts
MII,Peanuts
OXB,Peanuts
VII,Peanuts
CME,Pemex
CPE,Pemex
CTM,Pemex
MEX,Pemex
MID,Pemex
MTT,Pemex
REX,Pemex
TAM,Pemex
VER,Pemex
VSA,Pemex
BSB,Petrobras
BVB,Petrobras
CFB,Petrobras
FOR,Petrobras
GIG,Petrobras
IOS,Petrobras
MAO,Petrobras
MCZ,Petrobras
MEA,Petrobras
NAT,Petrobras
PVH,Petrobras
REC,Petrobras
SLZ,Petrobras
SSA,Petrobras
VIX,Petrobras
AHB,Petrochemicals
ALG,Petrochemicals
ANR,Petrochemicals
AVV,Petrochemicals
BHI,Petrochemicals
BUZ,Petrochemicals
CTG,Petrochemicals
DMM,Petrochemicals
DTM,Petrochemicals
HUZ,Petrochemicals
IAH,Petrochemicals
IWK,Petrochemicals
JED,Petrochemicals
JGA,Petrochemicals
KIX,Petrochemicals
KUA,Petrochemicals
LCH,Petrochemicals
LGB,Petrochemicals
LJU,Petrochemicals
MAA,Petrochemicals
MED,Petrochemicals
MHG,Petrochemicals
MSY,Petrochemicals
NBC,Petrochemicals
NGB,Petrochemicals
OMS,Petrochemicals
PVG,Petrochemicals
REC,Petrochemicals
REU,Petrochemicals
RTM,Petrochemicals
SHV,Petrochemicals
SSA,Petrochemicals
TSN,Petrochemicals
UFA,Petrochemicals
USN,Petrochemicals
UTP,Petrochemicals
VCP,Petrochemicals
VER,Petrochemicals
YNB,Petrochemicals
BGW,PetroChina
CIT,PetroChina
DQA,PetroChina
DSN,PetroChina
KRL,PetroChina
KRY,PetroChina
LHW,PetroChina
LXA,PetroChina
MOG,PetroChina
NDG,PetroChina
NQZ,PetroChina
PKX,PetroChina
ROK,PetroChina
SCO,PetroChina
URC,PetroChina
YBP,PetroChina
YMM,PetroChina
AMD,Pharma
AMM,Pharma
BOM,Pharma
BRU,Pharma
BSL,Pharma
CGH,Pharma
CJB,Pharma
CPH,Pharma
DRS,Pharma
DUB,Pharma
EIN,Pharma
EWR,Pharma
FRA,Pharma
GVA,Pharma
HRB,Pharma
HYD,Pharma
ICN,Pharma
IND,Pharma
IXM,Pharma
KWE,Pharma
LGW,Pharma
LJU,Pharma
LYS,Pharma
MAA,Pharma
MAN,Pharma
MEL,Pharma
ODE,Pharma
ORK,Pharma
PHL,Pharma
PVD,Pharma
RDU,Pharma
RKT,Pharma
SHA,Pharma
SIN,Pharma
SJU,Pharma
TNA,Pharma
TRV,Pharma
VGA,Pharma
ZRH,Pharma
HNL,PIF|
HNM,PIF|
ITO,PIF|
KOA,PIF|
LIH,PIF|
LNY,PIF|
OGG,PIF|
MHD,Pilgrimage x2|
NJF,Pilgrimage x2|
ELS,Platinum
HRE,Platinum
JNB,Platinum
MBD,Platinum
MQT,Platinum
NSK,Platinum
PTU,Platinum
YQT,Platinum
YSB,Platinum
YWB,Platinum
CHC,Polar research
CPC,Polar research
EG1,Polar research
EG9,Polar research
EGA,Polar research
EGR,Polar research
LYR,Polar research
NSP,Polar research
NZF,Polar research
PET,Polar research
PUQ,Polar research
QAO,Polar research
SFJ,Polar research
TOS,Polar research
USH,Polar research
YAQ,Polar research
YCB,Polar research
YEU,Polar research
AYT,Polish|
BJV,Polish|
BOJ,Polish|
CHQ,Polish|
CND,Polish|
HRG,Polish|
NOS,Polish|
PUJ,Polish|
RHO,Polish|
SSH,Polish|
VAR,Polish|
ZTH,Polish|
AIT,Polynesia
AKL,Polynesia
APW,Polynesia
BOB,Polynesia
CXI,Polynesia
FUN,Polynesia
HNL,Polynesia
IUE,Polynesia
MOZ,Polynesia
NLK,Polynesia
NTT,Polynesia
PPG,Polynesia
PPT,Polynesia
RAR,Polynesia
TBU,Polynesia
CGH,Ponte Aérea x2
SDU,Ponte Aérea x2
AGR,Potato
ATQ,Potato
AVA,Potato
BOI,Potato
CUZ,Potato
GRQ,Potato
HAJ,Potato
IXB,Potato
JUL,Potato
LHW,Potato
LKO,Potato
OST,Potato
PAT,Potato
POZ,Potato
PSC,Potato
PZI,Potato
UCB,Potato
YYG,Potato
ZAT,Potato
AXM,Poultry
BKK,Poultry
CIX,Poultry
DLC,Poultry
JAN,Poultry
LDB,Poultry
LIT,Poultry
POA,Poultry
POZ,Poultry
QRO,Poultry
RDU,Poultry
SBY,Poultry
SGF,Poultry
TAO,Poultry
WEF,Poultry
XAP,Poultry
XNA,Poultry
ATL,Professional services
BOM,Professional services
BOS,Professional services
BRU,Professional services
CDG,Professional services
DCA,Professional services
DFW,Professional services
DUB,Professional services
DXB,Professional services
EWR,Professional services
FRA,Professional services
HKG,Professional services
IAH,Professional services
JFK,Professional services
LCY,Professional services
LHR,Professional services
MUC,Professional services
ORD,Professional services
PVG,Professional services
SFO,Professional services
SYD,Professional services
ZRH,Professional services
BOG,Puente Aéreo x2
CLO,Puente Aéreo x2
MDE,Puente Aéreo x2
ACT,Ranching
AMA,Ranching
ARM,Ranching
CGB,Ranching
CLV,Ranching
COR,Ranching
CRP,Ranching
DAL,Ranching
GRK,Ranching
GYN,Ranching
HLD,Ranching
JRO,Ranching
LBB,Ranching
LBL,Ranching
MGA,Ranching
MVD,Ranching
NDJ,Ranching
OMA,Ranching
RGA,Ranching
ROS,Ranching
RSA,Ranching
SAT,Ranching
SPS,Ranching
YBR,Ranching
YQL,Ranching
YQR,Ranching
YWG,Ranching
BAV,Rare earths
BMO,Rare earths
COK,Rare earths
DBO,Rare earths
FBM,Rare earths
GOM,Rare earths
HLD,Rare earths
HRE,Rare earths
JNB,Rare earths
KGI,Rare earths
KME,Rare earths
KMG,Rare earths
LER,Rare earths
LLF,Rare earths
MXZ,Rare earths
XIC,Rare earths
YXU,Rare earths
ZNE,Rare earths
ZUH,Rare earths
CSX,Red tourism
ENY,Red tourism
IXY,Red tourism
JGS,Red tourism
KHN,Red tourism
KOW,Red tourism
LCX,Red tourism
LZO,Red tourism
NAO,Red tourism
SJW,Red tourism
TYN,Red tourism
ZYI,Red tourism
AMD,Regional banking APAC
BKK,Regional banking APAC
BOM,Regional banking APAC
DEL,Regional banking APAC
DME,Regional banking APAC
MRU,Regional banking APAC
NQZ,Regional banking APAC
PUS,Regional banking APAC
SZX,Regional banking APAC
TAO,Regional banking APAC
TFU,Regional banking APAC
TPE,Regional banking APAC
ATL,Regional banking US
BNA,Regional banking US
BOS,Regional banking US
BUF,Regional banking US
CLE,Regional banking US
CLT,Regional banking US
CMH,Regional banking US
CVG,Regional banking US
DEN,Regional banking US
DFW,Regional banking US
DTW,Regional banking US
FSD,Regional banking US
ILG,Regional banking US
JAX,Regional banking US
LAX,Regional banking US
LGA,Regional banking US
MDW,Regional banking US
MKE,Regional banking US
MSP,Regional banking US
ORK,Regional banking US
PHL,Regional banking US
RIC,Regional banking US
SFO,Regional banking US
SLC,Regional banking US
STL,Regional banking US
ABQ,Renewables
AUS,Renewables
BER,Renewables
BNE,Renewables
CPH,Renewables
DEN,Renewables
DWD,Renewables
HAM,Renewables
ICN,Renewables
NTE,Renewables
OAK,Renewables
OSL,Renewables
PHX,Renewables
PSP,Renewables
SVQ,Renewables
TOS,Renewables
VNO,Renewables
YHZ,Renewables
YXU,Renewables
AVA,Rice
BZL,Rice
CXR,Rice
DMK,Rice
DYG,Rice
GLH,Rice
HAK,Rice
HYN,Rice
JBR,Rice
JGS,Rice
KCZ,Rice
KWL,Rice
NGO,Rice
RQY,Rice
SMF,Rice
SWA,Rice
TOY,Rice
UKB,Rice
VTZ,Rice
ITM,Robotics
KTW,Robotics
MUC,Robotics
MXP,Robotics
NGS,Robotics
NUE,Robotics
PVG,Robotics
STR,Robotics
SZX,Robotics
TSN,Robotics
VIE,Robotics
WUH,Robotics
ZRH,Robotics
ARH,Rosneft
HTA,Rosneft
IKT,Rosneft
KJA,Rosneft
KRO,Rosneft
MMK,Rosneft
MQF,Rosneft
NSK,Rosneft
NYM,Rosneft
OHH,Rosneft
OMS,Rosneft
PEE,Rosneft
VKO,Rosneft
ABJ,Rubber
AOR,Rubber
CAK,Rubber
COK,Rubber
DAD,Rubber
HDY,Rubber
HKT,Rubber
JHB,Rubber
KUL,Rubber
MAO,Rubber
PDG,Rubber
PEN,Rubber
PKU,Rubber
PLM,Rubber
PNK,Rubber
ROB,Rubber
TRV,Rubber
URT,Rubber
BGI,Rum
BQN,Rum
CEB,Rum
FDF,Rum
GEO,Rum
HAV,Rum
KIN,Rum
MRU,Rum
SJU,Rum
AYT,Russian Vacay x2|
CXR,Russian Vacay x2|
DME,Russian Vacay x2|
HKT,Russian Vacay x2|
HRG,Russian Vacay x2|
KHV,Russian Vacay x2|
KJA,Russian Vacay x2|
KUF,Russian Vacay x2|
KZN,Russian Vacay x2|
LCA,Russian Vacay x2|
LED,Russian Vacay x2|
MLE,Russian Vacay x2|
MRV,Russian Vacay x2|
NNM,Russian Vacay x2|
RKT,Russian Vacay x2|
SLY,Russian Vacay x2|
SSH,Russian Vacay x2|
SVO,Russian Vacay x2|
SVX,Russian Vacay x2|
SYX,Russian Vacay x2|
TBS,Russian Vacay x2|
UFA,Russian Vacay x2|
USK,Russian Vacay x2|
UTP,Russian Vacay x2|
VKO,Russian Vacay x2|
VKT,Russian Vacay x2|
VRA,Russian Vacay x2|
AYT,Russian|
BOJ,Russian|
GOI,Russian|
LCA,Russian|
QAO,Russian|
VAR,Russian|
GOM,Rwanda Rundi|
FAI,Santa
RVN,Santa
SFJ,Santa
TRF,Santa
YFB,Santa
ABJ,Sapeur Network
BGF,Sapeur Network
DSS,Sapeur Network
FBM,Sapeur Network
FIH,Sapeur Network
FKI,Sapeur Network
ANF,Science megastructure
CJC,Science megastructure
GVA,Science megastructure
ITO,Science megastructure
NGQ,Science megastructure
PSC,Science megastructure
RAP,Science megastructure
SPC,Science megastructure
CCP,Seafood
GUB,Seafood
GUR,Seafood
GZO,Seafood
HBA,Seafood
HSN,Seafood
IZO,Seafood
KCZ,Seafood
KHH,Seafood
KOJ,Seafood
MDQ,Seafood
MIM,Seafood
MSJ,Seafood
MZG,Seafood
MZT,Seafood
NSN,Seafood
OKI,Seafood
PDG,Seafood
PLO,Seafood
PMC,Seafood
PSG,Seafood
PUS,Seafood
SON,Seafood
SUV,Seafood
WEH,Seafood
WLG,Seafood
YAP,Seafood
YNT,Seafood
ALB,Semiconductors
AMS,Semiconductors
AUS,Semiconductors
BOI,Semiconductors
BSL,Semiconductors
DFW,Semiconductors
DRS,Semiconductors
EIN,Semiconductors
ICN,Semiconductors
KIX,Semiconductors
KMJ,Semiconductors
NRT,Semiconductors
PDT,Semiconductors
PEN,Semiconductors
PHX,Semiconductors
RMQ,Semiconductors
SHA,Semiconductors
SIN,Semiconductors
SJC,Semiconductors
SZX,Semiconductors
TFU,Semiconductors
TLV,Semiconductors
TPE,Semiconductors
TSA,Semiconductors
TSN,Semiconductors
WUH,Semiconductors
XIY,Semiconductors
AAT,Sheep
BHI,Sheep
CIT,Sheep
CVQ,Sheep
DBO,Sheep
FAE,Sheep
IVC,Sheep
LXA,Sheep
MKR,Sheep
NOC,Sheep
NPE,Sheep
PUQ,Sheep
RGL,Sheep
SJT,Sheep
SYZ,Sheep
VAN,Sheep
VLY,Sheep
WGA,Sheep
XIL,Sheep
BGW,Shia|
BSR,Shia|
DAM,Shia|
HRG,Shia|
HYD,Shia|
ISU,Shia|
LKO,Shia|
NJF,Shia|
RDP,Shia|
SAH,Shia|
BTH,Shipbuilding
DLC,Shipbuilding
GOA,Shipbuilding
HEL,Shipbuilding
HGH,Shipbuilding
LED,Shipbuilding
MOB,Shipbuilding
NGS,Shipbuilding
NTE,Shipbuilding
NTG,Shipbuilding
OKA,Shipbuilding
PUS,Shipbuilding
SHA,Shipbuilding
TAO,Shipbuilding
USN,Shipbuilding
YTY,Shipbuilding
ZOS,Shipbuilding
ALA,Sinopec
CAN,Sinopec
DLC,Sinopec
DOY,Sinopec
JHG,Sinopec
LOS,Sinopec
NBJ,Sinopec
NKG,Sinopec
PEK,Sinopec
SYX,Sinopec
WUH,Sinopec
ZHA,Sinopec
ZUH,Sinopec
BWN,Sinophone|
BUR,SoCal NoCal
LAX,SoCal NoCal
LGB,SoCal NoCal
OAK,SoCal NoCal
RNO,SoCal NoCal
SAN,SoCal NoCal
SBA,SoCal NoCal
SBD,SoCal NoCal
SFO,SoCal NoCal
SJC,SoCal NoCal
SMF,SoCal NoCal
SNA,SoCal NoCal
STS,SoCal NoCal
ARN,Software
AUS,Software
BLR,Software
BOS,Software
BVA,Software
CAN,Software
CDG,Software
DEN,Software
DLC,Software
EWR,Software
FUK,Software
GDL,Software
HGH,Software
HYD,Software
IAD,Software
IAH,Software
IXC,Software
KRK,Software
LGA,Software
LTN,Software
LYS,Software
NKG,Software
NRT,Software
ORH,Software
OVB,Software
PDX,Software
PIT,Software
SEA,Software
SFO,Software
SJC,Software
SOF,Software
SVO,Software
TLV,Software
TPA,Software
TRV,Software
XIY,Software
YQB,Software
YUL,Software
YVR,Software
YYZ,Software
DIR,Somali|
GDE,Somali|
JIJ,Somali|
AGT,Soybeans
ASU,Soybeans
BHO,Soybeans
CGB,Soybeans
CID,Soybeans
COU,Soybeans
DEC,Soybeans
FSD,Soybeans
FWA,Soybeans
GJA,Soybeans
HEK,Soybeans
IGU,Soybeans
JGD,Soybeans
MDZ,Soybeans
NAG,Soybeans
ROS,Soybeans
SLA,Soybeans
UDI,Soybeans
VVI,Soybeans
YWG,Soybeans
CAY,Space
DCA,Space
HOU,Space
HSV,Space
IBR,Space
JGN,Space
KOJ,Space
KZO,Space
MLB,Space
PEK,Space
RJ1,Space
SVX,Space
TKG,Space
TLS,Space
TNE,Space
TYN,Space
VPS,Space
XIC,Space
BKI,Spices / Tropical Ag
BWN,Spices / Tropical Ag
CCJ,Spices / Tropical Ag
CNX,Spices / Tropical Ag
COK,Spices / Tropical Ag
DAR,Spices / Tropical Ag
DVO,Spices / Tropical Ag
HAK,Spices / Tropical Ag
ILO,Spices / Tropical Ag
JOG,Spices / Tropical Ag
KBV,Spices / Tropical Ag
KMG,Spices / Tropical Ag
KNO,Spices / Tropical Ag
KTI,Spices / Tropical Ag
LPQ,Spices / Tropical Ag
MIR,Spices / Tropical Ag
PPP,Spices / Tropical Ag
PQC,Spices / Tropical Ag
SDQ,Spices / Tropical Ag
SJO,Spices / Tropical Ag
STM,Spices / Tropical Ag
UTH,Spices / Tropical Ag
WUZ,Spices / Tropical Ag
AQP,Spirits
BDA,Spirits
GDL,Spirits
LCY,Spirits
LRH,Spirits
LSC,Spirits
OAX,Spirits
ORY,Spirits
SDF,Spirits
SYD,Spirits
XRY,Spirits
YUL,Spirits
ASP,Spirituality
AVL,Spirituality
BNK,Spirituality
CTU,Spirituality
CUZ,Spirituality
DED,Spirituality
EUG,Spirituality
FLG,Spirituality
GAY,Spirituality
GOA,Spirituality
HSG,Spirituality
KMI,Spirituality
KOJ,Spirituality
KTM,Spirituality
LEH,Spirituality
LUA,Spirituality
LXA,Spirituality
NTQ,Spirituality
OGD,Spirituality
PKR,Spirituality
TIR,Spirituality
TXN,Spirituality
VNS,Spirituality
YCD,Spirituality
YLW,Spirituality
AOG,Steel
AWZ,Steel
BBI,Steel
BIO,Steel
CEE,Steel
CGK,Steel
CNF,Steel
DUS,Steel
FUG,Steel
HDG,Steel
HIJ,Steel
HMI,Steel
IFN,Steel
IXR,Steel
JGN,Steel
KHH,Steel
KPO,Steel
KSC,Steel
LFQ,Steel
LIM,Steel
NKG,Steel
RIZ,Steel
RPR,Steel
RSU,Steel
SHA,Steel
TAE,Steel
TSN,Steel
TVS,Steel
VTZ,Steel
WUH,Steel
YHM,Steel
AZS,Sugar
BDB,Sugar
BRX,Sugar
CGB,Sugar
CNS,Sugar
CNX,Sugar
GYN,Sugar
HAV,Sugar
IXG,Sugar
IXU,Sugar
JBQ,Sugar
JLR,Sugar
KWL,Sugar
LPT,Sugar
LRM,Sugar
MCZ,Sugar
MKY,Sugar
NNG,Sugar
PNQ,Sugar
PPB,Sugar
PPP,Sugar
RUN,Sugar
SCU,Sugar
TAC,Sugar
UDR,Sugar
VRA,Sugar
XMN,Sugar
ZHA,Sugar
AGX,Sunni|
AKU,Sunni|
BCU,Sunni|
BEK,Sunni|
BHO,Sunni|
BHX,Sunni|
BLR,Sunni|
BOM,Sunni|
CCJ,Sunni|
CCU,Sunni|
DEL,Sunni|
DKA,Sunni|
ECN,Sunni|
GAU,Sunni|
GBI,Sunni|
GMO,Sunni|
GRV,Sunni|
HTN,Sunni|
HYD,Sunni|
IGT,Sunni|
INC,Sunni|
IXB,Sunni|
IXJ,Sunni|
IXL,Sunni|
IXS,Sunni|
IXU,Sunni|
JRH,Sunni|
JSA,Sunni|
KAN,Sunni|
KHG,Sunni|
KZN,Sunni|
LKO,Sunni|
MCX,Sunni|
MRV,Sunni|
MZS,Sunni|
NAL,Sunni|
NBC,Sunni|
NDC,Sunni|
NMI,Sunni|
QSZ,Sunni|
SHL,Sunni|
SKO,Sunni|
SVO,Sunni|
SXR,Sunni|
UFA,Sunni|
URC,Sunni|
UUA,Sunni|
ZNZ,Sunni|
BIQ,Surfing
BNE,Surfing
BTJ,Surfing
DPS,Surfing
FLN,Surfing
HNL,Surfing
HUI,Surfing
HUX,Surfing
IAO,Surfing
KCT,Surfing
KOA,Surfing
MRY,Surfing
NAN,Surfing
NOU,Surfing
NQY,Surfing
NTL,Surfing
OGG,Surfing
OOL,Surfing
PLZ,Surfing
PTF,Surfing
PVR,Surfing
PXM,Surfing
VIL,Surfing
MHQ,Swedish|
TKU,Swedish|
VAA,Swedish|
ARH,Taiga
HTA,Taiga
IKT,Taiga
KHV,Taiga
KJA,Taiga
NUX,Taiga
TLY,Taiga
UCT,Taiga
VVO,Taiga
ISG,Taiwan Vacay x2|
MMY,Taiwan Vacay x2|
OKA,Taiwan Vacay x2|
SHI,Taiwan Vacay x2|
AOG,Tea
BDO,Tea
BLZ,Tea
CCU,Tea
CEI,Tea
CGK,Tea
CGP,Tea
CJB,Tea
CMB,Tea
DAC,Tea
FOC,Tea
GAU,Tea
HAN,Tea
HYN,Tea
IXB,Tea
IXS,Tea
KJT,Tea
NBO,Tea
POS,Tea
RAS,Tea
TCZ,Tea
YIA,Tea
ZYL,Tea
ANR,Telco
ARN,Telco
BER,Telco
BLR,Telco
BOM,Telco
CIA,Telco
DEN,Telco
DFW,Telco
FRA,Telco
GRU,Telco
HEL,Telco
HKG,Telco
HND,Telco
JNB,Telco
LGA,Telco
LHR,Telco
MAD,Telco
MCI,Telco
MEX,Telco
NMI,Telco
PKX,Telco
RDU,Telco
SFO,Telco
SIN,Telco
SZX,Telco
TLL,Telco
YYC,Telco
AMD,Textiles
BDQ,Textiles
BFS,Textiles
BGY,Textiles
BKI,Textiles
CJB,Textiles
DAC,Textiles
DNZ,Textiles
IXR,Textiles
JNZ,Textiles
KHI,Textiles
LPQ,Textiles
MDE,Textiles
NTG,Textiles
PDG,Textiles
SRG,Textiles
STV,Textiles
SWA,Textiles
TAE,Textiles
TAS,Textiles
VTZ,Textiles
WUX,Textiles
HVD,Throat Singing Circuit
KYZ,Throat Singing Circuit
ULO,Throat Singing Circuit
BGO,Titanium
CGO,Titanium
CJB,Titanium
DRW,Titanium
FNA,Titanium
HRB,Titanium
MPM,Titanium
PHE,Titanium
PLZ,Titanium
SVX,Titanium
TJM,Titanium
TRF,Titanium
TRZ,Titanium
TYN,Titanium
UEL,Titanium
WUZ,Titanium
XMN,Titanium
ADB,Tobacco
BRS,Tobacco
BSD,Tobacco
GSO,Tobacco
HRE,Tobacco
HZH,Tobacco
LGW,Tobacco
LLW,Tobacco
NNY,Tobacco
POA,Tobacco
RIC,Tobacco
SUB,Tobacco
VGA,Tobacco
VRA,Tobacco
WEF,Tobacco
BLL,Toys
HKG,Toys
LGB,Toys
NGB,Toys
NUE,Toys
PVD,Toys
SKT,Toys
TYN,Toys
WNZ,Toys
YIW,Toys
YTY,Toys
AMQ,Tropical fishing
CAH,Tropical fishing
CEB,Tropical fishing
CNS,Tropical fishing
CXR,Tropical fishing
DAD,Tropical fishing
DPS,Tropical fishing
DVO,Tropical fishing
HAK,Tropical fishing
KBV,Tropical fishing
MLG,Tropical fishing
SGN,Tropical fishing
SWA,Tropical fishing
UPG,Tropical fishing
VII,Tropical fishing
XMN,Tropical fishing
ZAM,Tropical fishing
ZUH,Tropical fishing
ECN,Turkish|
ABQ,TV / movies
AKL,TV / movies
ATL,TV / movies
BNA,TV / movies
BOM,TV / movies
BUD,TV / movies
BUR,TV / movies
ICN,TV / movies
JFK,TV / movies
LAX,TV / movies
LHR,TV / movies
LOS,TV / movies
MAA,TV / movies
MEX,TV / movies
NCE,TV / movies
PRG,TV / movies
WLG,TV / movies
YVR,TV / movies
ABQ,UFOs
ALS,UFOs
AMA,UFOs
CWB,UFOs
IGU,UFOs
INW,UFOs
LAS,UFOs
ROW,UFOs
SLA,UFOs
SOU,UFOs
SPX,UFOs
TAM,UFOs
TCA,UFOs
YHU,UFOs
AOJ,Uranium
FBM,Uranium
GUW,Uranium
HSA,Uranium
JNB,Uranium
KHN,Uranium
KZO,Uranium
LER,Uranium
NIM,Uranium
PER,Uranium
SCO,Uranium
SLA,Uranium
WDH,Uranium
WVB,Uranium
YQR,Uranium
YXE,Uranium
YXY,Uranium
AAN,Urdu|
BWI,US Defense
CBR,US Defense
COS,US Defense
DCA,US Defense
DEN,US Defense
DFW,US Defense
GLA,US Defense
HSV,US Defense
ICT,US Defense
LGB,US Defense
MCO,US Defense
MLB,US Defense
PHX,US Defense
SAN,US Defense
THU,US Defense
TLV,US Defense
TUS,US Defense
YOW,US Defense
YYJ,US Defense
DCA,US military
DRW,US military
ECP,US military
ELP,US military
GUM,US military
HNL,US military
IAD,US military
ICN,US military
IWK,US military
JAX,US military
KWA,US military
MSJ,US military
OKA,US military
ORF,US military
PNS,US military
PPG,US military
SAN,US military
SAT,US military
SBA,US military
CLJ,Vampiric
GHV,Vampiric
MME,Vampiric
MSY,Vampiric
TGM,Vampiric
ZAG,Vampiric
ADL,Viticulture
BHE,Viticulture
BOD,Viticulture
BRI,Viticulture
CCP,Viticulture
CPT,Viticulture
FLR,Viticulture
HLZ,Viticulture
IAS,Viticulture
LSC,Viticulture
MDZ,Viticulture
MFR,Viticulture
MPL,Viticulture
MQL,Viticulture
NCE,Viticulture
NPE,Viticulture
OAK,Viticulture
OPO,Viticulture
PSA,Viticulture
PUQ,Viticulture
RMO,Viticulture
SLA,Viticulture
STS,Viticulture
SXB,Viticulture
TBS,Viticulture
VRN,Viticulture
WAG,Viticulture
XRY,Viticulture
YLW,Viticulture
ZQN,Viticulture
GDN,Vodka
KEJ,Vodka
LED,Vodka
MMX,Vodka
NSK,Vodka
RTM,Vodka
ADL,Water
AGP,Water
ALC,Water
ARI,Water
AUH,Water
CJC,Water
CPT,Water
DMM,Water
ELP,Water
HER,Water
IQQ,Water
MAA,Water
MKE,Water
NAN,Water
ORN,Water
PER,Water
PLZ,Water
RAK,Water
RHO,Water
RUH,Water
SFA,Water
SHJ,Water
SSH,Water
TLV,Water
TUS,Water
WDH,Water
ABZ,Whiskey
CHA,Whiskey
CTS,Whiskey
DUB,Whiskey
EDI,Whiskey
GLA,Whiskey
ILY,Whiskey
INV,Whiskey
ITM,Whiskey
LEX,Whiskey
SDF,Whiskey
AAL,Wind energy
AAR,Wind energy
ABZ,Wind energy
ACK,Wind energy
ADB,Wind energy
ALB,Wind energy
ALO,Wind energy
AMA,Wind energy
BGO,Wind energy
BIO,Wind energy
BRE,Wind energy
CRP,Wind energy
EXT,Wind energy
GCK,Wind energy
GDN,Wind energy
HAM,Wind energy
HHN,Wind energy
HUY,Wind energy
KUV,Wind energy
MHG,Wind energy
NGO,Wind energy
NTG,Wind energy
NWI,Wind energy
ORK,Wind energy
OST,Wind energy
PUS,Wind energy
TSN,Wind energy
TXK,Wind energy
URC,Wind energy
YYG,Wind energy
ZAZ,Wind energy
ZUH,Wind energy
BUQ,Zim Connect
HRE,Zim Connect
BHQ,Zinc
BZV,Zinc
CGI,Zinc
HVR,Zinc
IQQ,Zinc
ISA,Zinc
LIM,Zinc
LPB,Zinc
MCV,Zinc
OMD,Zinc
OTZ,Zinc
SAP,Zinc
SRE,Zinc
WTK,Zinc
BXH,Zinc Eurasia
CGQ,Zinc Eurasia
HJJ,Zinc Eurasia
HSC,Zinc Eurasia
KER,Zinc Eurasia
KGF,Zinc Eurasia
KHG,Zinc Eurasia
KRR,Zinc Eurasia
LCX,Zinc Eurasia
LJG,Zinc Eurasia
MLX,Zinc Eurasia
NLT,Zinc Eurasia
NSK,Zinc Eurasia
UCT,Zinc Eurasia
UDR,Zinc Eurasia
UKK,Zinc Eurasia
VHM,Zinc Eurasia
YIN,Zinc Eurasia
HYD,|QA|Telugu
TIR,|QA|Telugu
VGA,|QA|Telugu
DOH,|QA|Telugu